/*
SQLyog Ultimate v12.5.1 (32 bit)
MySQL - 10.1.38-MariaDB : Database - lekerbaper
*********************************************************************
*/

/*!40101 SET NAMES utf8 */;

/*!40101 SET SQL_MODE=''*/;

/*!40014 SET @OLD_UNIQUE_CHECKS=@@UNIQUE_CHECKS, UNIQUE_CHECKS=0 */;
/*!40014 SET @OLD_FOREIGN_KEY_CHECKS=@@FOREIGN_KEY_CHECKS, FOREIGN_KEY_CHECKS=0 */;
/*!40101 SET @OLD_SQL_MODE=@@SQL_MODE, SQL_MODE='NO_AUTO_VALUE_ON_ZERO' */;
/*!40111 SET @OLD_SQL_NOTES=@@SQL_NOTES, SQL_NOTES=0 */;
/*Table structure for table `tb_detail_order` */

DROP TABLE IF EXISTS `tb_detail_order`;

CREATE TABLE `tb_detail_order` (
  `kd_detail` varchar(7) NOT NULL,
  `order_kd` varchar(7) NOT NULL,
  `user_kd` varchar(7) NOT NULL,
  `menu_kd` varchar(7) NOT NULL,
  `transaksi_kd` varchar(7) NOT NULL,
  `total` int(11) NOT NULL,
  `sub_total` int(11) NOT NULL,
  `keterangan` text NOT NULL,
  `status_keterangan` enum('T','S','N') DEFAULT NULL,
  `balasan_keterangan` text NOT NULL,
  `status_detail` enum('pending','dimasak','siap','diambil') DEFAULT 'pending',
  PRIMARY KEY (`kd_detail`),
  KEY `order_kd` (`order_kd`),
  KEY `menu_kd` (`menu_kd`),
  KEY `transaksi_kd` (`transaksi_kd`),
  KEY `user_kd` (`user_kd`)
) ENGINE=InnoDB DEFAULT CHARSET=latin1;

/*Data for the table `tb_detail_order` */

insert  into `tb_detail_order`(`kd_detail`,`order_kd`,`user_kd`,`menu_kd`,`transaksi_kd`,`total`,`sub_total`,`keterangan`,`status_keterangan`,`balasan_keterangan`,`status_detail`) values 
('DM01','TR012','','MN007','',1,13000,'',NULL,'','siap'),
('DM04','TR012','','MN008','',1,16000,'',NULL,'','pending'),
('DM10002','TR993','','MN011','',1,15000,'',NULL,'','pending'),
('DM10004','TR993','','MN004','',1,8000,'',NULL,'','pending'),
('DM1001','TR740','','MN005','',2,28000,'',NULL,'','pending'),
('DM10011','TR997','','MN012','',1,14000,'',NULL,'','pending'),
('DM10021','TR004','','MN008','',1,16000,'',NULL,'','pending'),
('DM1003','TR740','','MN007','',2,26000,'',NULL,'','pending'),
('DM10036','TR009','','MN003','',1,8000,'',NULL,'','pending'),
('DM10044','TR035','','MN007','',1,13000,'',NULL,'','pending'),
('DM10046','TR035','','MN005','',1,14000,'',NULL,'','pending'),
('DM10057','TR048','','MN013','',2,32000,'',NULL,'','pending'),
('DM10066','TR061','','MN011','',1,15000,'',NULL,'','pending'),
('DM10067','TR061','','MN009','',1,20000,'',NULL,'','pending'),
('DM10077','TR083','','MN013','',2,32000,'',NULL,'','pending'),
('DM10081','TR084','','MN008','',2,32000,'',NULL,'','pending'),
('DM10084','TR084','','MN005','',2,28000,'',NULL,'','pending'),
('DM10097','TR089','','MN005','',2,28000,'',NULL,'','pending'),
('DM101','TR1078','','MN014','',2,24000,'',NULL,'','pending'),
('DM10108','TR102','','MN010','',1,18000,'',NULL,'','pending'),
('DM10109','TR102','','MN004','',1,8000,'',NULL,'','pending'),
('DM10112','TR1034','','MN014','',1,12000,'',NULL,'','pending'),
('DM10121','TR1037','','MN005','',2,28000,'',NULL,'','pending'),
('DM10128','TR1037','','MN008','',2,32000,'',NULL,'','pending'),
('DM10139','TR1057','','MN008','',2,32000,'',NULL,'','pending'),
('DM10141','TR1077','','MN008','',2,32000,'',NULL,'','pending'),
('DM10151','TR108','','MN012','',1,14000,'',NULL,'','pending'),
('DM10163','TR121','','MN008','',2,32000,'',NULL,'','pending'),
('DM10165','TR121','','MN002','',2,24000,'',NULL,'','pending'),
('DM10176','TR125','','MN010','',1,18000,'',NULL,'','pending'),
('DM10188','TR151','','MN010','',1,18000,'',NULL,'','pending'),
('DM1019','TR751','','MN011','',1,15000,'',NULL,'','pending'),
('DM10194','TR172','','MN009','',1,20000,'',NULL,'','pending'),
('DM10201','TR189','','MN014','',1,12000,'',NULL,'','pending'),
('DM10207','TR189','','MN011','',1,15000,'',NULL,'','pending'),
('DM10211','TR190','','MN007','',2,26000,'',NULL,'','pending'),
('DM10221','TR197','','MN005','',1,14000,'',NULL,'','pending'),
('DM10223','TR197','','MN014','',1,12000,'',NULL,'','pending'),
('DM10233','TR206','','MN007','',1,13000,'',NULL,'','pending'),
('DM10241','TR214','','MN009','',2,40000,'',NULL,'','pending'),
('DM10249','TR214','','MN006','',2,28000,'',NULL,'','pending'),
('DM1025','TR759','','MN007','',2,26000,'',NULL,'','pending'),
('DM10252','TR277','','MN009','',2,40000,'',NULL,'','pending'),
('DM10261','TR316','','MN003','',1,8000,'',NULL,'','pending'),
('DM10265','TR316','','MN011','',1,15000,'',NULL,'','pending'),
('DM10276','TR348','','MN011','',1,15000,'',NULL,'','pending'),
('DM1028','TR759','','MN006','',2,28000,'',NULL,'','pending'),
('DM10282','TR352','','MN004','',1,8000,'',NULL,'','pending'),
('DM10284','TR352','','MN003','',1,8000,'',NULL,'','pending'),
('DM10293','TR359','','MN006','',1,14000,'',NULL,'','pending'),
('DM10302','TR365','','MN006','',2,28000,'',NULL,'','pending'),
('DM10309','TR365','','MN014','',2,24000,'',NULL,'','pending'),
('DM10310','TR772','','MN010','',1,18000,'',NULL,'','pending'),
('DM10315','TR370','','MN010','',1,18000,'',NULL,'','pending'),
('DM10321','TR374','','MN002','',2,24000,'',NULL,'','pending'),
('DM10325','TR374','','MN008','',2,32000,'',NULL,'','pending'),
('DM10331','TR382','','MN007','',1,13000,'',NULL,'','pending'),
('DM10341','TR384','','MN005','',2,28000,'',NULL,'','pending'),
('DM10344','TR384','','MN009','',2,40000,'',NULL,'','pending'),
('DM10351','TR385','','MN012','',2,28000,'',NULL,'','pending'),
('DM10363','TR393','','MN001','',2,10000,'',NULL,'','pending'),
('DM10367','TR393','','MN009','',2,40000,'',NULL,'','pending'),
('DM10371','TR397','','MN009','',1,20000,'',NULL,'','pending'),
('DM10382','TR421','','MN004','',1,8000,'',NULL,'','pending'),
('DM10385','TR421','','MN008','',1,16000,'',NULL,'','pending'),
('DM10392','TR438','','MN011','',2,30000,'',NULL,'','pending'),
('DM10401','TR463','','MN001','',2,10000,'',NULL,'','pending'),
('DM10405','TR463','','MN005','',2,28000,'',NULL,'','pending'),
('DM10411','TR476','','MN002','',1,12000,'',NULL,'','pending'),
('DM10421','TR509','','MN007','',1,13000,'',NULL,'','pending'),
('DM10423','TR509','','MN012','',1,14000,'',NULL,'','pending'),
('DM1043','TR801','','MN012','',2,28000,'',NULL,'','pending'),
('DM10438','TR516','','MN004','',2,16000,'',NULL,'','pending'),
('DM10445','TR543','','MN008','',2,32000,'',NULL,'','pending'),
('DM10446','TR543','','MN009','',2,40000,'',NULL,'','pending'),
('DM10456','TR573','','MN012','',2,28000,'',NULL,'','pending'),
('DM10462','TR575','','MN012','',1,14000,'',NULL,'','pending'),
('DM10464','TR575','','MN008','',1,16000,'',NULL,'','pending'),
('DM1047','TR801','','MN007','',2,26000,'',NULL,'','pending'),
('DM10475','TR597','','MN004','',2,16000,'',NULL,'','pending'),
('DM10482','TR614','','MN008','',1,16000,'',NULL,'','pending'),
('DM10484','TR614','','MN006','',1,14000,'',NULL,'','pending'),
('DM10496','TR627','','MN008','',1,16000,'',NULL,'','pending'),
('DM10507','TR638','','MN003','',1,8000,'',NULL,'','pending'),
('DM10509','TR638','','MN007','',1,13000,'',NULL,'','pending'),
('DM10511','TR643','','MN001','',2,10000,'',NULL,'','pending'),
('DM10521','TR674','','MN006','',2,28000,'',NULL,'','pending'),
('DM10525','TR674','','MN014','',2,24000,'',NULL,'','pending'),
('DM10531','TR677','','MN012','',1,14000,'',NULL,'','pending'),
('DM10541','TR692','','MN001','',1,5000,'',NULL,'','pending'),
('DM10547','TR692','','MN014','',1,12000,'',NULL,'','pending'),
('DM10553','TR694','','MN014','',1,12000,'',NULL,'','pending'),
('DM10561','TR699','','MN008','',1,16000,'',NULL,'','pending'),
('DM10565','TR699','','MN010','',1,18000,'',NULL,'','pending'),
('DM10574','TR719','','MN004','',2,16000,'',NULL,'','pending'),
('DM1058','TR802','','MN006','',1,14000,'',NULL,'','pending'),
('DM10581','TR733','','MN014','',1,12000,'',NULL,'','pending'),
('DM10583','TR733','','MN006','',1,14000,'',NULL,'','pending'),
('DM10597','TR734','','MN009','',1,20000,'',NULL,'','pending'),
('DM10606','TR753','','MN008','',2,32000,'',NULL,'','pending'),
('DM10609','TR753','','MN004','',2,16000,'',NULL,'','pending'),
('DM10617','TR757','','MN009','',1,20000,'',NULL,'','pending'),
('DM10622','TR758','','MN009','',1,20000,'',NULL,'','pending'),
('DM10627','TR758','','MN006','',1,14000,'',NULL,'','pending'),
('DM10639','TR762','','MN005','',2,28000,'',NULL,'','pending'),
('DM1064','TR810','','MN002','',2,24000,'',NULL,'','pending'),
('DM10643','TR771','','MN013','',2,32000,'',NULL,'','pending'),
('DM10647','TR771','','MN001','',2,10000,'',NULL,'','pending'),
('DM10659','TR789','','MN010','',1,18000,'',NULL,'','pending'),
('DM1066','TR810','','MN013','',2,32000,'',NULL,'','pending'),
('DM10664','TR800','','MN012','',1,14000,'',NULL,'','pending'),
('DM10667','TR800','','MN006','',1,14000,'',NULL,'','pending'),
('DM10676','TR806','','MN006','',2,28000,'',NULL,'','pending'),
('DM10682','TR832','','MN012','',2,28000,'',NULL,'','pending'),
('DM10685','TR832','','MN002','',2,24000,'',NULL,'','pending'),
('DM10698','TR833','','MN001','',2,10000,'',NULL,'','pending'),
('DM107','TR1078','','MN004','',2,16000,'',NULL,'','pending'),
('DM10704','TR846','','MN004','',1,8000,'',NULL,'','pending'),
('DM10707','TR846','','MN008','',1,16000,'',NULL,'','pending'),
('DM10713','TR851','','MN007','',2,26000,'',NULL,'','pending'),
('DM10727','TR865','','MN010','',2,36000,'',NULL,'','pending'),
('DM10728','TR865','','MN004','',2,16000,'',NULL,'','pending'),
('DM1073','TR812','','MN002','',1,12000,'',NULL,'','pending'),
('DM10735','TR880','','MN008','',2,32000,'',NULL,'','pending'),
('DM10742','TR895','','MN003','',2,16000,'',NULL,'','pending'),
('DM10749','TR895','','MN001','',2,10000,'',NULL,'','pending'),
('DM10752','TR920','','MN004','',1,8000,'',NULL,'','pending'),
('DM10766','TR952','','MN013','',2,32000,'',NULL,'','pending'),
('DM10767','TR952','','MN006','',2,28000,'',NULL,'','pending'),
('DM10778','TR984','','MN014','',2,24000,'',NULL,'','pending'),
('DM10783','TR995','','MN013','',2,32000,'',NULL,'','pending'),
('DM10786','TR995','','MN008','',2,32000,'',NULL,'','pending'),
('DM10796','TR996','','MN014','',2,24000,'',NULL,'','pending'),
('DM10810','TR816','','MN011','',2,30000,'',NULL,'','pending'),
('DM1086','TR816','','MN009','',2,40000,'',NULL,'','pending'),
('DM1099','TR825','','MN007','',2,26000,'',NULL,'','pending'),
('DM1101','TR829','','MN005','',1,14000,'',NULL,'','pending'),
('DM1107','TR829','','MN006','',1,14000,'',NULL,'','pending'),
('DM1115','TR857','','MN014','',1,12000,'',NULL,'','pending'),
('DM1127','TR859','','MN013','',1,16000,'',NULL,'','pending'),
('DM1128','TR859','','MN006','',1,14000,'',NULL,'','pending'),
('DM1139','TR861','','MN012','',2,28000,'',NULL,'','pending'),
('DM1143','TR905','','MN012','',1,14000,'',NULL,'','pending'),
('DM1147','TR905','','MN009','',1,20000,'',NULL,'','pending'),
('DM1159','TR918','','MN013','',1,16000,'',NULL,'','pending'),
('DM11633','TR926','','MN011','',2,30000,'',NULL,'','pending'),
('DM1177','TR951','','MN006','',1,14000,'',NULL,'','pending'),
('DM1182','TR955','','MN006','',1,14000,'',NULL,'','pending'),
('DM1184','TR955','','MN014','',1,12000,'',NULL,'','pending'),
('DM119','TR110','','MN007','',1,13000,'',NULL,'','pending'),
('DM1191','TR971','','MN013','',1,16000,'',NULL,'','pending'),
('DM1203','TR982','','MN011','',2,30000,'',NULL,'','pending'),
('DM1205','TR982','','MN009','',2,40000,'',NULL,'','pending'),
('DM1210','TR148','','MN004','',2,16000,'',NULL,'','pending'),
('DM1219','TR990','','MN007','',1,13000,'',NULL,'','pending'),
('DM1221','TR025','','MN001','',1,5000,'',NULL,'','pending'),
('DM1222','TR025','','MN006','',1,14000,'',NULL,'','pending'),
('DM1232','TR041','','MN008','',2,32000,'',NULL,'','pending'),
('DM1246','TR053','','MN001','',2,10000,'',NULL,'','pending'),
('DM1249','TR053','','MN012','',2,28000,'',NULL,'','pending'),
('DM1257','TR1013','','MN003','',1,8000,'',NULL,'','pending'),
('DM1267','TR1022','','MN009','',1,20000,'',NULL,'','pending'),
('DM1268','TR1022','','MN013','',1,16000,'',NULL,'','pending'),
('DM1271','TR1024','','MN006','',1,14000,'',NULL,'','pending'),
('DM128','TR148','','MN005','',2,28000,'',NULL,'','pending'),
('DM12810','TR1035','','MN013','',1,16000,'',NULL,'','pending'),
('DM1289','TR1035','','MN008','',1,16000,'',NULL,'','pending'),
('DM1295','TR1042','','MN006','',1,14000,'',NULL,'','pending'),
('DM1306','TR1047','','MN006','',2,28000,'',NULL,'','pending'),
('DM1309','TR1047','','MN005','',2,28000,'',NULL,'','pending'),
('DM13110','TR1048','','MN010','',2,36000,'',NULL,'','pending'),
('DM13252','TR1066','','MN011','',2,30000,'',NULL,'','pending'),
('DM1331','TR1069','','MN008','',1,16000,'',NULL,'','pending'),
('DM134','TR241','','MN005','',2,28000,'',NULL,'','pending'),
('DM1344','TR107','','MN008','',1,16000,'',NULL,'','pending'),
('DM1345','TR107','','MN001','',1,5000,'',NULL,'','pending'),
('DM1359','TR117','','MN009','',2,40000,'',NULL,'','pending'),
('DM1364','TR135','','MN002','',2,24000,'',NULL,'','pending'),
('DM1369','TR135','','MN001','',2,10000,'',NULL,'','pending'),
('DM1372','TR145','','MN014','',1,12000,'',NULL,'','pending'),
('DM13810','TR154','','MN007','',2,26000,'',NULL,'','pending'),
('DM1388','TR154','','MN003','',2,16000,'',NULL,'','pending'),
('DM1393','TR161','','MN013','',2,32000,'',NULL,'','pending'),
('DM1405','TR165','','MN013','',1,16000,'',NULL,'','pending'),
('DM1409','TR165','','MN009','',1,20000,'',NULL,'','pending'),
('DM1412','TR183','','MN001','',2,10000,'',NULL,'','pending'),
('DM14210','TR215','','MN002','',2,24000,'',NULL,'','pending'),
('DM1429','TR215','','MN006','',2,28000,'',NULL,'','pending'),
('DM143','TR253','','MN003','',1,8000,'',NULL,'','pending'),
('DM1437','TR222','','MN011','',1,15000,'',NULL,'','pending'),
('DM1444','TR237','','MN011','',1,15000,'',NULL,'','pending'),
('DM1449','TR237','','MN005','',1,14000,'',NULL,'','pending'),
('DM1454','TR282','','MN003','',1,8000,'',NULL,'','pending'),
('DM146','TR253','','MN010','',1,18000,'',NULL,'','pending'),
('DM1461','TR286','','MN002','',1,12000,'',NULL,'','pending'),
('DM1467','TR286','','MN005','',1,14000,'',NULL,'','pending'),
('DM14710','TR301','','MN003','',2,16000,'',NULL,'','pending'),
('DM1483','TR328','','MN007','',2,26000,'',NULL,'','pending'),
('DM1486','TR328','','MN006','',2,28000,'',NULL,'','pending'),
('DM14910','TR332','','MN008','',2,32000,'',NULL,'','pending'),
('DM15010','TR350','','MN008','',1,16000,'',NULL,'','pending'),
('DM1513','TR367','','MN009','',2,40000,'',NULL,'','pending'),
('DM1523','TR369','','MN007','',1,13000,'',NULL,'','pending'),
('DM1528','TR369','','MN012','',1,14000,'',NULL,'','pending'),
('DM1536','TR442','','MN012','',1,14000,'',NULL,'','pending'),
('DM1543','TR449','','MN001','',2,10000,'',NULL,'','pending'),
('DM1549','TR449','','MN009','',2,40000,'',NULL,'','pending'),
('DM1553','TR450','','MN002','',2,24000,'',NULL,'','pending'),
('DM1561','TR465','','MN002','',2,24000,'',NULL,'','pending'),
('DM1564','TR465','','MN006','',2,28000,'',NULL,'','pending'),
('DM157','TR256','','MN007','',2,26000,'',NULL,'','pending'),
('DM1579','TR477','','MN006','',2,28000,'',NULL,'','pending'),
('DM1581','TR514','','MN013','',1,16000,'',NULL,'','pending'),
('DM1585','TR514','','MN007','',1,13000,'',NULL,'','pending'),
('DM1594','TR527','','MN010','',1,18000,'',NULL,'','pending'),
('DM1604','TR528','','MN004','',1,8000,'',NULL,'','pending'),
('DM1608','TR528','','MN008','',1,16000,'',NULL,'','pending'),
('DM1618','TR671','','MN004','',1,8000,'',NULL,'','pending'),
('DM1624','TR711','','MN003','',1,8000,'',NULL,'','pending'),
('DM1626','TR711','','MN013','',1,16000,'',NULL,'','pending'),
('DM1638','TR724','','MN012','',2,28000,'',NULL,'','pending'),
('DM1642','TR738','','MN004','',2,16000,'',NULL,'','pending'),
('DM1644','TR738','','MN012','',2,28000,'',NULL,'','pending'),
('DM1655','TR739','','MN005','',1,14000,'',NULL,'','pending'),
('DM166','TR271','','MN008','',1,16000,'',NULL,'','pending'),
('DM16610','TR815','','MN004','',1,8000,'',NULL,'','pending'),
('DM1667','TR815','','MN012','',1,14000,'',NULL,'','pending'),
('DM1675','TR884','','MN009','',2,40000,'',NULL,'','pending'),
('DM1681','TR891','','MN006','',2,28000,'',NULL,'','pending'),
('DM1684','TR891','','MN010','',2,36000,'',NULL,'','pending'),
('DM169','TR271','','MN012','',1,14000,'',NULL,'','pending'),
('DM1691','TR906','','MN010','',2,36000,'',NULL,'','pending'),
('DM17','TR038','','MN003','',1,8000,'',NULL,'','pending'),
('DM1701','TR910','','MN006','',2,28000,'',NULL,'','pending'),
('DM1709','TR910','','MN003','',2,16000,'',NULL,'','pending'),
('DM1718','TR932','','MN002','',1,12000,'',NULL,'','pending'),
('DM1721','TR967','','MN006','',1,14000,'',NULL,'','pending'),
('DM1724','TR967','','MN014','',1,12000,'',NULL,'','pending'),
('DM1736','TR974','','MN009','',1,20000,'',NULL,'','pending'),
('DM17410','TR999','','MN014','',1,12000,'',NULL,'','pending'),
('DM175','TR290','','MN003','',2,16000,'',NULL,'','pending'),
('DM1755','TR052','','MN006','',1,14000,'',NULL,'','pending'),
('DM1764','TR1008','','MN003','',2,16000,'',NULL,'','pending'),
('DM1768','TR1008','','MN005','',2,28000,'',NULL,'','pending'),
('DM1778','TR1012','','MN005','',2,28000,'',NULL,'','pending'),
('DM1783','TR1018','','MN008','',1,16000,'',NULL,'','pending'),
('DM1788','TR1018','','MN007','',1,13000,'',NULL,'','pending'),
('DM17910','TR1031','','MN004','',2,16000,'',NULL,'','pending'),
('DM1804','TR1058','','MN006','',1,14000,'',NULL,'','pending'),
('DM1805','TR1058','','MN012','',1,14000,'',NULL,'','pending'),
('DM1819','TR109','','MN009','',1,20000,'',NULL,'','pending'),
('DM1828','TR138','','MN009','',1,20000,'',NULL,'','pending'),
('DM1829','TR138','','MN013','',1,16000,'',NULL,'','pending'),
('DM1835','TR170','','MN002','',2,24000,'',NULL,'','pending'),
('DM1845','TR171','','MN004','',1,8000,'',NULL,'','pending'),
('DM1849','TR171','','MN014','',1,12000,'',NULL,'','pending'),
('DM1852','TR174','','MN012','',1,14000,'',NULL,'','pending'),
('DM18611','TR187','','MN005','',2,28000,'',NULL,'','pending'),
('DM1875','TR191','','MN004','',1,8000,'',NULL,'','pending'),
('DM188','TR295','','MN011','',2,30000,'',NULL,'','pending'),
('DM1881','TR218','','MN008','',1,16000,'',NULL,'','pending'),
('DM1883','TR218','','MN005','',1,14000,'',NULL,'','pending'),
('DM189','TR295','','MN009','',2,40000,'',NULL,'','pending'),
('DM1896','TR219','','MN004','',2,16000,'',NULL,'','pending'),
('DM1901','TR239','','MN005','',1,14000,'',NULL,'','pending'),
('DM19010','TR239','','MN012','',1,14000,'',NULL,'','pending'),
('DM19110','TR279','','MN009','',2,40000,'',NULL,'','pending'),
('DM192','TR297','','MN004','',1,8000,'',NULL,'','pending'),
('DM1926','TR308','','MN006','',1,14000,'',NULL,'','pending'),
('DM1929','TR308','','MN014','',1,12000,'',NULL,'','pending'),
('DM1936','TR334','','MN011','',2,30000,'',NULL,'','pending'),
('DM1944','TR336','','MN014','',2,24000,'',NULL,'','pending'),
('DM1946','TR336','','MN011','',2,30000,'',NULL,'','pending'),
('DM1959','TR357','','MN004','',2,16000,'',NULL,'','pending'),
('DM19610','TR376','','MN002','',2,24000,'',NULL,'','pending'),
('DM1962','TR376','','MN012','',2,28000,'',NULL,'','pending'),
('DM1973','TR425','','MN014','',1,12000,'',NULL,'','pending'),
('DM1985','TR428','','MN010','',1,18000,'',NULL,'','pending'),
('DM1987','TR428','','MN002','',1,12000,'',NULL,'','pending'),
('DM1998','TR457','','MN001','',1,5000,'',NULL,'','pending'),
('DM2001','TR466','','MN001','',1,5000,'',NULL,'','pending'),
('DM2007','TR466','','MN004','',1,8000,'',NULL,'','pending'),
('DM2019','TR487','','MN003','',1,8000,'',NULL,'','pending'),
('DM20291','TR534','','MN006','',1,14000,'',NULL,'','pending'),
('DM20310','TR539','','MN009','',2,40000,'',NULL,'','pending'),
('DM2043','TR545','','MN012','',1,14000,'',NULL,'','pending'),
('DM2047','TR545','','MN008','',1,16000,'',NULL,'','pending'),
('DM205','TR298','','MN010','',2,36000,'',NULL,'','pending'),
('DM2054','TR551','','MN007','',1,13000,'',NULL,'','pending'),
('DM2062','TR568','','MN014','',2,24000,'',NULL,'','pending'),
('DM2063','TR568','','MN007','',2,26000,'',NULL,'','pending'),
('DM2073','TR589','','MN014','',2,24000,'',NULL,'','pending'),
('DM2081','TR590','','MN002','',1,12000,'',NULL,'','pending'),
('DM20810','TR590','','MN003','',1,8000,'',NULL,'','pending'),
('DM209','TR298','','MN005','',2,28000,'',NULL,'','pending'),
('DM20910','TR617','','MN010','',2,36000,'',NULL,'','pending'),
('DM21086','TR634','','MN007','',1,13000,'',NULL,'','pending'),
('DM2114','TR635','','MN003','',1,8000,'',NULL,'','pending'),
('DM212','TR306','','MN004','',2,16000,'',NULL,'','pending'),
('DM21210','TR642','','MN010','',2,36000,'',NULL,'','pending'),
('DM2126','TR642','','MN009','',2,40000,'',NULL,'','pending'),
('DM2132','TR666','','MN005','',2,28000,'',NULL,'','pending'),
('DM21461','TR683','','MN003','',2,16000,'',NULL,'','pending'),
('DM2155','TR779','','MN007','',1,13000,'',NULL,'','pending'),
('DM2161','TR811','','MN014','',1,12000,'',NULL,'','pending'),
('DM2162','TR811','','MN010','',1,18000,'',NULL,'','pending'),
('DM2172','TR821','','MN005','',2,28000,'',NULL,'','pending'),
('DM2181','TR822','','MN006','',2,28000,'',NULL,'','pending'),
('DM2186','TR822','','MN003','',2,16000,'',NULL,'','pending'),
('DM2191','TR837','','MN006','',2,28000,'',NULL,'','pending'),
('DM22','TR067','','MN008','',1,16000,'',NULL,'','pending'),
('DM2204','TR882','','MN008','',2,32000,'',NULL,'','pending'),
('DM2209','TR882','','MN002','',2,24000,'',NULL,'','pending'),
('DM221','TR330','','MN003','',1,8000,'',NULL,'','pending'),
('DM22110','TR897','','MN001','',1,5000,'',NULL,'','pending'),
('DM2221','TR916','','MN009','',2,40000,'',NULL,'','pending'),
('DM2227','TR916','','MN006','',2,28000,'',NULL,'','pending'),
('DM22310','TR935','','MN002','',1,12000,'',NULL,'','pending'),
('DM2241','TR939','','MN009','',1,20000,'',NULL,'','pending'),
('DM2242','TR939','','MN004','',1,8000,'',NULL,'','pending'),
('DM2251','TR944','','MN001','',2,10000,'',NULL,'','pending'),
('DM226','TR330','','MN001','',1,5000,'',NULL,'','pending'),
('DM2264','TR962','','MN011','',2,30000,'',NULL,'','pending'),
('DM2265','TR962','','MN012','',2,28000,'',NULL,'','pending'),
('DM2275','TR969','','MN011','',1,15000,'',NULL,'','pending'),
('DM22813','TR016','','MN001','',2,10000,'',NULL,'','pending'),
('DM2299','TR030','','MN005','',1,14000,'',NULL,'','pending'),
('DM23010','TR039','','MN014','',2,24000,'',NULL,'','pending'),
('DM2308','TR039','','MN004','',2,16000,'',NULL,'','pending'),
('DM2312','TR062','','MN006','',1,14000,'',NULL,'','pending'),
('DM23236','TR098','','MN012','',2,28000,'',NULL,'','pending'),
('DM233','TR395','','MN006','',2,28000,'',NULL,'','pending'),
('DM2333','TR1041','','MN010','',2,36000,'',NULL,'','pending'),
('DM2344','TR1072','','MN009','',2,40000,'',NULL,'','pending'),
('DM2346','TR1072','','MN010','',2,36000,'',NULL,'','pending'),
('DM2355','TR1074','','MN005','',2,28000,'',NULL,'','pending'),
('DM2363','TR123','','MN007','',1,13000,'',NULL,'','pending'),
('DM2364','TR123','','MN005','',1,14000,'',NULL,'','pending'),
('DM2378','TR133','','MN006','',1,14000,'',NULL,'','pending'),
('DM2381','TR147','','MN013','',2,32000,'',NULL,'','pending'),
('DM2385','TR147','','MN006','',2,28000,'',NULL,'','pending'),
('DM2397','TR153','','MN014','',2,24000,'',NULL,'','pending'),
('DM2402','TR176','','MN005','',2,28000,'',NULL,'','pending'),
('DM2407','TR176','','MN006','',2,28000,'',NULL,'','pending'),
('DM241','TR398','','MN014','',1,12000,'',NULL,'','pending'),
('DM2417','TR178','','MN002','',2,24000,'',NULL,'','pending'),
('DM2421','TR180','','MN002','',1,12000,'',NULL,'','pending'),
('DM2424','TR180','','MN008','',1,16000,'',NULL,'','pending'),
('DM2433','TR207','','MN012','',1,14000,'',NULL,'','pending'),
('DM2444','TR258','','MN002','',2,24000,'',NULL,'','pending'),
('DM2447','TR258','','MN005','',2,28000,'',NULL,'','pending'),
('DM2452','TR260','','MN011','',1,15000,'',NULL,'','pending'),
('DM24610','TR270','','MN012','',2,28000,'',NULL,'','pending'),
('DM2464','TR270','','MN005','',2,28000,'',NULL,'','pending'),
('DM2478','TR289','','MN007','',2,26000,'',NULL,'','pending'),
('DM248','TR398','','MN012','',1,14000,'',NULL,'','pending'),
('DM2485','TR310','','MN006','',1,14000,'',NULL,'','pending'),
('DM2486','TR310','','MN003','',1,8000,'',NULL,'','pending'),
('DM2495','TR361','','MN014','',1,12000,'',NULL,'','pending'),
('DM2501','TR388','','MN001','',1,5000,'',NULL,'','pending'),
('DM2506','TR388','','MN005','',1,14000,'',NULL,'','pending'),
('DM2512','TR426','','MN005','',1,14000,'',NULL,'','pending'),
('DM2524','TR473','','MN007','',1,13000,'',NULL,'','pending'),
('DM2529','TR473','','MN012','',1,14000,'',NULL,'','pending'),
('DM2536','TR523','','MN002','',2,24000,'',NULL,'','pending'),
('DM2542','TR530','','MN006','',1,14000,'',NULL,'','pending'),
('DM2547','TR530','','MN008','',1,16000,'',NULL,'','pending'),
('DM2553','TR531','','MN003','',2,16000,'',NULL,'','pending'),
('DM2564','TR571','','MN002','',2,24000,'',NULL,'','pending'),
('DM2566','TR571','','MN011','',2,30000,'',NULL,'','pending'),
('DM2578','TR577','','MN009','',2,40000,'',NULL,'','pending'),
('DM2585','TR580','','MN008','',2,32000,'',NULL,'','pending'),
('DM2586','TR580','','MN006','',2,28000,'',NULL,'','pending'),
('DM259','TR404','','MN001','',2,10000,'',NULL,'','pending'),
('DM2598','TR587','','MN001','',1,5000,'',NULL,'','pending'),
('DM2601','TR640','','MN003','',2,16000,'',NULL,'','pending'),
('DM26010','TR640','','MN012','',2,28000,'',NULL,'','pending'),
('DM2617','TR652','','MN011','',2,30000,'',NULL,'','pending'),
('DM262','TR413','','MN006','',2,28000,'',NULL,'','pending'),
('DM2624','TR656','','MN011','',2,30000,'',NULL,'','pending'),
('DM2625','TR656','','MN007','',2,26000,'',NULL,'','pending'),
('DM2634','TR659','','MN008','',1,16000,'',NULL,'','pending'),
('DM26410','TR715','','MN004','',2,16000,'',NULL,'','pending'),
('DM2644','TR715','','MN001','',2,10000,'',NULL,'','pending'),
('DM2652','TR748','','MN003','',1,8000,'',NULL,'','pending'),
('DM2664','TR756','','MN014','',1,12000,'',NULL,'','pending'),
('DM2665','TR756','','MN005','',1,14000,'',NULL,'','pending'),
('DM267','TR413','','MN014','',2,24000,'',NULL,'','pending'),
('DM26710','TR764','','MN009','',2,40000,'',NULL,'','pending'),
('DM2685','TR794','','MN011','',2,30000,'',NULL,'','pending'),
('DM2686','TR794','','MN010','',2,36000,'',NULL,'','pending'),
('DM2691','TR803','','MN004','',1,8000,'',NULL,'','pending'),
('DM2701','TR876','','MN003','',1,8000,'',NULL,'','pending'),
('DM2709','TR876','','MN001','',1,5000,'',NULL,'','pending'),
('DM2712','TR893','','MN002','',1,12000,'',NULL,'','pending'),
('DM2721','TR943','','MN002','',1,12000,'',NULL,'','pending'),
('DM2727','TR943','','MN001','',1,5000,'',NULL,'','pending'),
('DM27310','TR956','','MN011','',1,15000,'',NULL,'','pending'),
('DM2741','TR975','','MN004','',1,8000,'',NULL,'','pending'),
('DM2749','TR975','','MN008','',1,16000,'',NULL,'','pending'),
('DM2754','TR010','','MN005','',1,14000,'',NULL,'','pending'),
('DM2761','TR047','','MN005','',2,28000,'',NULL,'','pending'),
('DM2766','TR047','','MN013','',2,32000,'',NULL,'','pending'),
('DM2773','TR058','','MN009','',2,40000,'',NULL,'','pending'),
('DM2784','TR071','','MN001','',2,10000,'',NULL,'','pending'),
('DM2789','TR071','','MN014','',2,24000,'',NULL,'','pending'),
('DM279','TR445','','MN003','',2,16000,'',NULL,'','pending'),
('DM27910','TR077','','MN013','',1,16000,'',NULL,'','pending'),
('DM2801','TR090','','MN005','',1,14000,'',NULL,'','pending'),
('DM2805','TR090','','MN003','',1,8000,'',NULL,'','pending'),
('DM2816','TR1026','','MN008','',1,16000,'',NULL,'','pending'),
('DM28264','TR1036','','MN007','',1,13000,'',NULL,'','pending'),
('DM2838','TR1040','','MN012','',1,14000,'',NULL,'','pending'),
('DM2846','TR1056','','MN002','',1,12000,'',NULL,'','pending'),
('DM2847','TR1056','','MN014','',1,12000,'',NULL,'','pending'),
('DM2858','TR1062','','MN009','',1,20000,'',NULL,'','pending'),
('DM2861','TR1073','','MN014','',1,12000,'',NULL,'','pending'),
('DM2862','TR1073','','MN004','',1,8000,'',NULL,'','pending'),
('DM2873','TR455','','MN005','',2,28000,'',NULL,'','pending'),
('DM2876','TR1081','','MN001','',1,5000,'',NULL,'','pending'),
('DM28810','TR134','','MN005','',2,28000,'',NULL,'','pending'),
('DM2882','TR134','','MN004','',2,16000,'',NULL,'','pending'),
('DM2894','TR142','','MN003','',1,8000,'',NULL,'','pending'),
('DM29','TR067','','MN014','',1,12000,'',NULL,'','pending'),
('DM29010','TR157','','MN006','',1,14000,'',NULL,'','pending'),
('DM2905','TR157','','MN012','',1,14000,'',NULL,'','pending'),
('DM2919','TR166','','MN011','',1,15000,'',NULL,'','pending'),
('DM2923','TR195','','MN005','',1,14000,'',NULL,'','pending'),
('DM2925','TR195','','MN003','',1,8000,'',NULL,'','pending'),
('DM2934','TR223','','MN010','',2,36000,'',NULL,'','pending'),
('DM2945','TR229','','MN012','',1,14000,'',NULL,'','pending'),
('DM2947','TR229','','MN013','',1,16000,'',NULL,'','pending'),
('DM2958','TR234','','MN014','',1,12000,'',NULL,'','pending'),
('DM2962','TR259','','MN004','',2,16000,'',NULL,'','pending'),
('DM2969','TR259','','MN002','',2,24000,'',NULL,'','pending'),
('DM2972','TR335','','MN007','',1,13000,'',NULL,'','pending'),
('DM298','TR456','','MN011','',1,15000,'',NULL,'','pending'),
('DM29837','TR344','','MN007','',1,13000,'',NULL,'','pending'),
('DM2998','TR345','','MN011','',1,15000,'',NULL,'','pending'),
('DM3005','TR347','','MN011','',1,15000,'',NULL,'','pending'),
('DM3007','TR347','','MN003','',1,8000,'',NULL,'','pending'),
('DM301','TR491','','MN009','',2,40000,'',NULL,'','pending'),
('DM3014','TR391','','MN013','',2,32000,'',NULL,'','pending'),
('DM30210','TR392','','MN003','',1,8000,'',NULL,'','pending'),
('DM3022','TR392','','MN010','',1,18000,'',NULL,'','pending'),
('DM3033','TR399','','MN013','',2,32000,'',NULL,'','pending'),
('DM3044','TR412','','MN005','',1,14000,'',NULL,'','pending'),
('DM3045','TR412','','MN008','',1,16000,'',NULL,'','pending'),
('DM3057','TR435','','MN003','',1,8000,'',NULL,'','pending'),
('DM306','TR491','','MN004','',2,16000,'',NULL,'','pending'),
('DM3062','TR458','','MN006','',2,28000,'',NULL,'','pending'),
('DM3065','TR458','','MN001','',2,10000,'',NULL,'','pending'),
('DM30710','TR488','','MN004','',2,16000,'',NULL,'','pending'),
('DM30848','TR517','','MN003','',1,8000,'',NULL,'','pending'),
('DM30910','TR526','','MN005','',2,28000,'',NULL,'','pending'),
('DM3102','TR547','','MN004','',2,16000,'',NULL,'','pending'),
('DM3109','TR547','','MN009','',2,40000,'',NULL,'','pending'),
('DM3116','TR579','','MN004','',1,8000,'',NULL,'','pending'),
('DM3123','TR588','','MN005','',2,28000,'',NULL,'','pending'),
('DM3127','TR588','','MN012','',2,28000,'',NULL,'','pending'),
('DM3139','TR596','','MN003','',2,16000,'',NULL,'','pending'),
('DM3147','TR632','','MN008','',1,16000,'',NULL,'','pending'),
('DM3149','TR632','','MN001','',1,5000,'',NULL,'','pending'),
('DM315','TR506','','MN001','',2,10000,'',NULL,'','pending'),
('DM3153','TR641','','MN010','',1,18000,'',NULL,'','pending'),
('DM3162','TR662','','MN004','',1,8000,'',NULL,'','pending'),
('DM3164','TR662','','MN011','',1,15000,'',NULL,'','pending'),
('DM3173','TR667','','MN003','',1,8000,'',NULL,'','pending'),
('DM3182','TR668','','MN009','',1,20000,'',NULL,'','pending'),
('DM3184','TR668','','MN002','',1,12000,'',NULL,'','pending'),
('DM3198','TR680','','MN001','',2,10000,'',NULL,'','pending'),
('DM3202','TR690','','MN003','',1,8000,'',NULL,'','pending'),
('DM3204','TR690','','MN001','',1,5000,'',NULL,'','pending'),
('DM321','TR563','','MN001','',2,10000,'',NULL,'','pending'),
('DM3218','TR713','','MN002','',1,12000,'',NULL,'','pending'),
('DM3221','TR768','','MN003','',1,8000,'',NULL,'','pending'),
('DM32210','TR768','','MN005','',1,14000,'',NULL,'','pending'),
('DM3239','TR778','','MN004','',1,8000,'',NULL,'','pending'),
('DM3242','TR786','','MN011','',1,15000,'',NULL,'','pending'),
('DM3246','TR786','','MN008','',1,16000,'',NULL,'','pending'),
('DM3254','TR792','','MN001','',1,5000,'',NULL,'','pending'),
('DM3264','TR793','','MN006','',2,28000,'',NULL,'','pending'),
('DM3266','TR793','','MN013','',2,32000,'',NULL,'','pending'),
('DM327','TR563','','MN005','',2,28000,'',NULL,'','pending'),
('DM32710','TR808','','MN013','',2,32000,'',NULL,'','pending'),
('DM3281','TR826','','MN005','',2,28000,'',NULL,'','pending'),
('DM3286','TR826','','MN002','',2,24000,'',NULL,'','pending'),
('DM3299','TR828','','MN005','',2,28000,'',NULL,'','pending'),
('DM3307','TR830','','MN011','',2,30000,'',NULL,'','pending'),
('DM3309','TR830','','MN014','',2,24000,'',NULL,'','pending'),
('DM3318','TR866','','MN006','',2,28000,'',NULL,'','pending'),
('DM3327','TR873','','MN008','',1,16000,'',NULL,'','pending'),
('DM3329','TR873','','MN001','',1,5000,'',NULL,'','pending'),
('DM3331','TR885','','MN005','',1,14000,'',NULL,'','pending'),
('DM33410','TR888','','MN003','',1,8000,'',NULL,'','pending'),
('DM3349','TR888','','MN009','',1,20000,'',NULL,'','pending'),
('DM3352','TR923','','MN003','',1,8000,'',NULL,'','pending'),
('DM336','TR578','','MN011','',2,30000,'',NULL,'','pending'),
('DM3362','TR940','','MN013','',2,32000,'',NULL,'','pending'),
('DM3365','TR940','','MN004','',2,16000,'',NULL,'','pending'),
('DM33710','TR949','','MN004','',2,16000,'',NULL,'','pending'),
('DM3382','TR957','','MN014','',1,12000,'',NULL,'','pending'),
('DM3383','TR957','','MN009','',1,20000,'',NULL,'','pending'),
('DM3395','TR970','','MN008','',2,32000,'',NULL,'','pending'),
('DM3402','TR046','','MN003','',2,16000,'',NULL,'','pending'),
('DM3406','TR046','','MN012','',2,28000,'',NULL,'','pending'),
('DM3413','TR055','','MN006','TA1000',1,14000,'',NULL,'','dimasak'),
('DM3422','TR631','','MN008','',1,16000,'',NULL,'','pending'),
('DM3424','TR075','','MN001','',2,10000,'',NULL,'','pending'),
('DM3428','TR075','','MN011','',2,30000,'',NULL,'','pending'),
('DM3434','TR080','','MN009','',2,40000,'',NULL,'','pending'),
('DM3441','TR085','','MN006','',2,28000,'',NULL,'','pending'),
('DM3449','TR085','','MN013','',2,32000,'',NULL,'','pending'),
('DM3457','TR086','','MN004','',2,16000,'',NULL,'','pending'),
('DM3468','TR1000','','MN012','',1,14000,'',NULL,'','pending'),
('DM3469','TR1000','','MN003','',1,8000,'',NULL,'','pending'),
('DM3474','TR1028','','MN013','',1,16000,'',NULL,'','pending'),
('DM3481','TR1038','','MN004','',1,8000,'',NULL,'','pending'),
('DM3486','TR1038','','MN001','',1,5000,'',NULL,'','pending'),
('DM3492','TR1070','','MN012','',2,28000,'',NULL,'','pending'),
('DM3504','TR113','','MN006','',1,14000,'',NULL,'','pending'),
('DM3505','TR113','','MN012','',1,14000,'',NULL,'','pending'),
('DM3519','TR132','','MN013','',1,16000,'',NULL,'','pending'),
('DM35210','TR137','','MN014','',2,24000,'',NULL,'','pending'),
('DM3528','TR137','','MN008','',2,32000,'',NULL,'','pending'),
('DM3538','TR140','','MN010','',2,36000,'',NULL,'','pending'),
('DM35410','TR236','','MN005','',1,14000,'',NULL,'','pending'),
('DM3546','TR236','','MN013','',1,16000,'',NULL,'','pending'),
('DM355','TR637','','MN001','',1,5000,'',NULL,'','pending'),
('DM3555','TR248','','MN006','',1,14000,'',NULL,'','pending'),
('DM3563','TR299','','MN001','',1,5000,'',NULL,'','pending'),
('DM3566','TR299','','MN013','',1,16000,'',NULL,'','pending'),
('DM3578','TR304','','MN014','',1,12000,'',NULL,'','pending'),
('DM35810','TR321','','MN013','',2,32000,'',NULL,'','pending'),
('DM3582','TR321','','MN011','',2,30000,'',NULL,'','pending'),
('DM3591','TR339','','MN004','',1,8000,'',NULL,'','pending'),
('DM3602','TR354','','MN007','',2,26000,'',NULL,'','pending'),
('DM3609','TR354','','MN002','',2,24000,'',NULL,'','pending'),
('DM3619','TR355','','MN004','',2,16000,'',NULL,'','pending'),
('DM3626','TR358','','MN002','',2,24000,'',NULL,'','pending'),
('DM3628','TR358','','MN006','',2,28000,'',NULL,'','pending'),
('DM3631','TR437','','MN011','',1,15000,'',NULL,'','pending'),
('DM3644','TR444','','MN009','',1,20000,'',NULL,'','pending'),
('DM3647','TR444','','MN006','',1,14000,'',NULL,'','pending'),
('DM3651','TR472','','MN002','',1,12000,'',NULL,'','pending'),
('DM36610','TR475','','MN002','',2,24000,'',NULL,'','pending'),
('DM3664','TR475','','MN009','',2,40000,'',NULL,'','pending'),
('DM3672','TR485','','MN002','',2,24000,'',NULL,'','pending'),
('DM3675','TR654','','MN001','',1,5000,'',NULL,'','pending'),
('DM36845','TR508','','MN009','',1,20000,'',NULL,'','pending'),
('DM3697','TR513','','MN006','',1,14000,'',NULL,'','pending'),
('DM37076','TR524','','MN002','',1,12000,'',NULL,'','pending'),
('DM371','TR663','','MN014','',1,12000,'',NULL,'','pending'),
('DM3717','TR603','','MN009','',2,40000,'',NULL,'','pending'),
('DM3724','TR619','','MN009','',2,40000,'',NULL,'','pending'),
('DM3726','TR619','','MN005','',2,28000,'',NULL,'','pending'),
('DM3733','TR625','','MN013','',2,32000,'',NULL,'','pending'),
('DM37410','TR676','','MN009','',2,40000,'',NULL,'','pending'),
('DM3748','TR676','','MN011','',2,30000,'',NULL,'','pending'),
('DM3759','TR702','','MN013','',1,16000,'',NULL,'','pending'),
('DM3764','TR744','','MN001','',1,5000,'',NULL,'','pending'),
('DM3766','TR744','','MN009','',1,20000,'',NULL,'','pending'),
('DM3778','TR747','','MN003','',2,16000,'',NULL,'','pending'),
('DM37825','TR760','','MN001','',2,10000,'',NULL,'','pending'),
('DM3791','TR773','','MN004','',2,16000,'',NULL,'','pending'),
('DM3803','TR807','','MN012','',2,28000,'',NULL,'','pending'),
('DM3806','TR807','','MN007','',2,26000,'',NULL,'','pending'),
('DM3811','TR817','','MN008','',1,16000,'',NULL,'','pending'),
('DM3821','TR818','','MN009','',2,40000,'',NULL,'','pending'),
('DM3828','TR818','','MN001','',2,10000,'',NULL,'','pending'),
('DM383','TR672','','MN013','',1,16000,'',NULL,'','pending'),
('DM3839','TR845','','MN009','',2,40000,'',NULL,'','pending'),
('DM3842','TR847','','MN002','',1,12000,'',NULL,'','pending'),
('DM3844','TR847','','MN010','',1,18000,'',NULL,'','pending'),
('DM3854','TR850','','MN002','',2,24000,'',NULL,'','pending'),
('DM3863','TR898','','MN004','',2,16000,'',NULL,'','pending'),
('DM3866','TR898','','MN007','',2,26000,'',NULL,'','pending'),
('DM3871','TR931','','MN012','',1,14000,'',NULL,'','pending'),
('DM3884','TR950','','MN010','',1,18000,'',NULL,'','pending'),
('DM3885','TR950','','MN014','',1,12000,'',NULL,'','pending'),
('DM389','TR672','','MN006','',1,14000,'',NULL,'','pending'),
('DM3893','TR018','','MN009','',2,40000,'',NULL,'','pending'),
('DM39','TR079','','MN001','',1,5000,'',NULL,'','pending'),
('DM3904','TR020','','MN002','',2,24000,'',NULL,'','pending'),
('DM3908','TR020','','MN001','',2,10000,'',NULL,'','pending'),
('DM3917','TR023','','MN009','',1,20000,'',NULL,'','pending'),
('DM3921','TR043','','MN007','',2,26000,'',NULL,'','pending'),
('DM3928','TR043','','MN005','',2,28000,'',NULL,'','pending'),
('DM3939','TR072','','MN012','',2,28000,'',NULL,'','pending'),
('DM3944','TR073','','MN008','',2,32000,'',NULL,'','pending'),
('DM3947','TR073','','MN014','',2,24000,'',NULL,'','pending'),
('DM39510','TR093','','MN006','',1,14000,'',NULL,'','pending'),
('DM3964','TR097','','MN004','',2,16000,'',NULL,'','pending'),
('DM3967','TR097','','MN006','',2,28000,'',NULL,'','pending'),
('DM397','TR703','','MN007','',1,13000,'',NULL,'','pending'),
('DM3972','TR1007','','MN003','',2,16000,'',NULL,'','pending'),
('DM3987','TR1010','','MN008','',2,32000,'',NULL,'','pending'),
('DM3989','TR1010','','MN005','',2,28000,'',NULL,'','pending'),
('DM3991','TR1011','','MN007','',1,13000,'',NULL,'','pending'),
('DM4005','TR1017','','MN009','',1,20000,'',NULL,'','pending'),
('DM4007','TR1017','','MN004','',1,8000,'',NULL,'','pending'),
('DM401','TR708','','MN012','',1,14000,'',NULL,'','pending'),
('DM40110','TR1044','','MN003','',2,16000,'',NULL,'','pending'),
('DM40210','TR118','','MN007','',2,26000,'',NULL,'','pending'),
('DM4026','TR118','','MN006','',2,28000,'',NULL,'','pending'),
('DM4032','TR158','','MN007','',1,13000,'',NULL,'','pending'),
('DM4043','TR169','','MN006','',2,28000,'',NULL,'','pending'),
('DM4047','TR169','','MN013','',2,32000,'',NULL,'','pending'),
('DM40510','TR261','','MN012','',1,14000,'',NULL,'','pending'),
('DM40676','TR265','','MN001','',2,10000,'',NULL,'','pending'),
('DM4079','TR285','','MN003','',1,8000,'',NULL,'','pending'),
('DM40810','TR292','','MN006','',1,14000,'',NULL,'','pending'),
('DM4087','TR292','','MN004','',1,8000,'',NULL,'','pending'),
('DM409','TR708','','MN006','',1,14000,'',NULL,'','pending'),
('DM4094','TR377','','MN014','',2,24000,'',NULL,'','pending'),
('DM4101','TR087','','MN005','',2,28000,'',NULL,'','pending'),
('DM4104','TR381','','MN012','',2,28000,'',NULL,'','pending'),
('DM4106','TR381','','MN004','',2,16000,'',NULL,'','pending'),
('DM4119','TR396','','MN001','',2,10000,'',NULL,'','pending'),
('DM4126','TR414','','MN001','',2,10000,'',NULL,'','pending'),
('DM4127','TR414','','MN011','',2,30000,'',NULL,'','pending'),
('DM41310','TR460','','MN008','',2,32000,'',NULL,'','pending'),
('DM414','TR767','','MN005','',2,28000,'',NULL,'','pending'),
('DM4141','TR462','','MN013','',1,16000,'',NULL,'','pending'),
('DM4149','TR462','','MN012','',1,14000,'',NULL,'','pending'),
('DM4154','TR467','','MN009','',1,20000,'',NULL,'','pending'),
('DM41610','TR501','','MN003','',1,8000,'',NULL,'','pending'),
('DM4163','TR501','','MN014','',1,12000,'',NULL,'','pending'),
('DM41710','TR505','','MN005','',1,14000,'',NULL,'','pending'),
('DM4187','TR519','','MN004','',1,8000,'',NULL,'','pending'),
('DM4188','TR519','','MN011','',1,15000,'',NULL,'','pending'),
('DM4197','TR521','','MN003','',2,16000,'',NULL,'','pending'),
('DM42049','TR532','','MN011','',2,30000,'',NULL,'','pending'),
('DM421','TR785','','MN003','',1,8000,'',NULL,'','pending'),
('DM42110','TR546','','MN014','',2,24000,'',NULL,'','pending'),
('DM42210','TR555','','MN012','',2,28000,'',NULL,'','pending'),
('DM4227','TR555','','MN009','',2,40000,'',NULL,'','pending'),
('DM4238','TR593','','MN005','',2,28000,'',NULL,'','pending'),
('DM42410','TR594','','MN010','',1,18000,'',NULL,'','pending'),
('DM4244','TR594','','MN007','',1,13000,'',NULL,'','pending'),
('DM4257','TR600','','MN002','',2,24000,'',NULL,'','pending'),
('DM426','TR785','','MN013','',1,16000,'',NULL,'','pending'),
('DM4263','TR602','','MN012','',1,14000,'',NULL,'','pending'),
('DM4264','TR602','','MN005','',1,14000,'',NULL,'','pending'),
('DM4277','TR624','','MN004','',1,8000,'',NULL,'','pending'),
('DM4282','TR626','','MN008','',1,16000,'',NULL,'','pending'),
('DM4284','TR626','','MN010','',1,18000,'',NULL,'','pending'),
('DM42910','TR630','','MN010','',2,36000,'',NULL,'','pending'),
('DM4303','TR646','','MN011','',2,30000,'',NULL,'','pending'),
('DM4308','TR646','','MN008','',2,32000,'',NULL,'','pending'),
('DM4317','TR650','','MN004','',1,8000,'',NULL,'','pending'),
('DM4321','TR660','','MN002','',2,24000,'',NULL,'','pending'),
('DM4322','TR660','','MN010','',2,36000,'',NULL,'','pending'),
('DM4337','TR689','','MN013','',2,32000,'',NULL,'','pending'),
('DM43410','TR697','','MN010','',2,36000,'',NULL,'','pending'),
('DM4344','TR697','','MN002','',2,24000,'',NULL,'','pending'),
('DM435','TR791','','MN001','',2,10000,'',NULL,'','pending'),
('DM4358','TR716','','MN003','',2,16000,'',NULL,'','pending'),
('DM4361','TR721','','MN002','',1,12000,'',NULL,'','pending'),
('DM43610','TR721','','MN012','',1,14000,'',NULL,'','pending'),
('DM43710','TR728','','MN007','',1,13000,'',NULL,'','pending'),
('DM43810','TR770','','MN005','',1,14000,'',NULL,'','pending'),
('DM4386','TR770','','MN006','',1,14000,'',NULL,'','pending'),
('DM4391','TR831','','MN009','',1,20000,'',NULL,'','pending'),
('DM44010','TR860','','MN010','',2,36000,'',NULL,'','pending'),
('DM4405','TR860','','MN008','',2,32000,'',NULL,'','pending'),
('DM4412','TR868','','MN009','',1,20000,'',NULL,'','pending'),
('DM4422','TR879','','MN011','',2,30000,'',NULL,'','pending'),
('DM4423','TR879','','MN002','',2,24000,'',NULL,'','pending'),
('DM4432','TR922','','MN014','',2,24000,'',NULL,'','pending'),
('DM4447','TR933','','MN011','',2,30000,'',NULL,'','pending'),
('DM4449','TR933','','MN008','',2,32000,'',NULL,'','pending'),
('DM445','TR875','','MN006','',2,28000,'',NULL,'','pending'),
('DM4456','TR966','','MN011','',1,15000,'',NULL,'','pending'),
('DM4463','TR991','','MN007','',2,26000,'',NULL,'','pending'),
('DM4466','TR991','','MN003','',2,16000,'',NULL,'','pending'),
('DM4472','TR994','','MN004','',2,16000,'',NULL,'','pending'),
('DM448','TR875','','MN013','',2,32000,'',NULL,'','pending'),
('DM4486','TR019','','MN003','',2,16000,'',NULL,'','pending'),
('DM4488','TR019','','MN010','',2,36000,'',NULL,'','pending'),
('DM44910','TR029','','MN012','',1,14000,'',NULL,'','pending'),
('DM4501','TR096','','MN014','',1,12000,'',NULL,'','pending'),
('DM4509','TR096','','MN009','',1,20000,'',NULL,'','pending'),
('DM4511','TR1068','','MN014','',1,12000,'',NULL,'','pending'),
('DM452','TR902','','MN012','',1,14000,'',NULL,'','pending'),
('DM4526','TR1080','','MN011','',2,30000,'',NULL,'','pending'),
('DM4528','TR1080','','MN008','',2,32000,'',NULL,'','pending'),
('DM4532','TR149','','MN005','',2,28000,'',NULL,'','pending'),
('DM45410','TR177','','MN004','',1,8000,'',NULL,'','pending'),
('DM4544','TR177','','MN013','',1,16000,'',NULL,'','pending'),
('DM4557','TR226','','MN007','',1,13000,'',NULL,'','pending'),
('DM4566','TR262','','MN001','',1,5000,'',NULL,'','pending'),
('DM4568','TR262','','MN002','',1,12000,'',NULL,'','pending'),
('DM4572','TR293','','MN014','',2,24000,'',NULL,'','pending'),
('DM4581','TR305','','MN002','',2,24000,'',NULL,'','pending'),
('DM4586','TR305','','MN008','',2,32000,'',NULL,'','pending'),
('DM4597','TR319','','MN011','',1,15000,'',NULL,'','pending'),
('DM4602','TR320','','MN004','',1,8000,'',NULL,'','pending'),
('DM4604','TR320','','MN011','',1,15000,'',NULL,'','pending'),
('DM4610','TR904','','MN006','',2,28000,'',NULL,'','pending'),
('DM4612','TR322','','MN012','',1,14000,'',NULL,'','pending'),
('DM46210','TR341','','MN009','',2,40000,'',NULL,'','pending'),
('DM4626','TR341','','MN003','',2,16000,'',NULL,'','pending'),
('DM4636','TR356','','MN013','',2,32000,'',NULL,'','pending'),
('DM4641','TR363','','MN009','',1,20000,'',NULL,'','pending'),
('DM4643','TR363','','MN005','',1,14000,'',NULL,'','pending'),
('DM4653','TR406','','MN010','',1,18000,'',NULL,'','pending'),
('DM46610','TR420','','MN013','',2,32000,'',NULL,'','pending'),
('DM4675','TR427','','MN005','',2,28000,'',NULL,'','pending'),
('DM4681','TR483','','MN001','',1,5000,'',NULL,'','pending'),
('DM4683','TR483','','MN002','',1,12000,'',NULL,'','pending'),
('DM469','TR904','','MN011','',2,30000,'',NULL,'','pending'),
('DM46910','TR497','','MN008','',1,16000,'',NULL,'','pending'),
('DM4702','TR498','','MN009','',2,40000,'',NULL,'','pending'),
('DM4705','TR498','','MN001','',2,10000,'',NULL,'','pending'),
('DM4713','TR535','','MN006','',1,14000,'',NULL,'','pending'),
('DM472','TR913','','MN013','',2,32000,'',NULL,'','pending'),
('DM4721','TR540','','MN014','',1,12000,'',NULL,'','pending'),
('DM47210','TR540','','MN013','',1,16000,'',NULL,'','pending'),
('DM4733','TR556','','MN011','',1,15000,'',NULL,'','pending'),
('DM4743','TR564','','MN009','',2,40000,'',NULL,'','pending'),
('DM4745','TR564','','MN014','',2,24000,'',NULL,'','pending'),
('DM4756','TR611','','MN008','',2,32000,'',NULL,'','pending'),
('DM4764','TR620','','MN012','',1,14000,'',NULL,'','pending'),
('DM4765','TR620','','MN014','',1,12000,'',NULL,'','pending'),
('DM4774','TR651','','MN005','',1,14000,'',NULL,'','pending'),
('DM4785','TR653','','MN006','',1,14000,'',NULL,'','pending'),
('DM4788','TR653','','MN002','',1,12000,'',NULL,'','pending'),
('DM4797','TR655','','MN002','',1,12000,'',NULL,'','pending'),
('DM4804','TR685','','MN002','',2,24000,'',NULL,'','pending'),
('DM4808','TR685','','MN014','',2,24000,'',NULL,'','pending'),
('DM4818','TR707','','MN006','',2,28000,'',NULL,'','pending'),
('DM48210','TR730','','MN005','',2,28000,'',NULL,'','pending'),
('DM4826','TR730','','MN012','',2,28000,'',NULL,'','pending'),
('DM4835','TR752','','MN005','',2,28000,'',NULL,'','pending'),
('DM4843','TR842','','MN004','',1,8000,'',NULL,'','pending'),
('DM4845','TR842','','MN010','',1,18000,'',NULL,'','pending'),
('DM485','TR953','','MN006','',1,14000,'',NULL,'','pending'),
('DM4852','TR848','','MN014','',2,24000,'',NULL,'','pending'),
('DM486','TR953','','MN013','',1,16000,'',NULL,'','pending'),
('DM4862','TR871','','MN001','',2,10000,'',NULL,'','pending'),
('DM4864','TR871','','MN004','',2,16000,'',NULL,'','pending'),
('DM48710','TR907','','MN007','',2,26000,'',NULL,'','pending'),
('DM4885','TR987','','MN014','',2,24000,'',NULL,'','pending'),
('DM4888','TR987','','MN007','',2,26000,'',NULL,'','pending'),
('DM4899','TR005','','MN005','',2,28000,'',NULL,'','pending'),
('DM4903','TR031','','MN003','',2,16000,'',NULL,'','pending'),
('DM4908','TR031','','MN007','',2,26000,'',NULL,'','pending'),
('DM4913','TR060','','MN003','',1,8000,'',NULL,'','pending'),
('DM4922','TR065','','MN004','',2,16000,'',NULL,'','pending'),
('DM4925','TR065','','MN006','',2,28000,'',NULL,'','pending'),
('DM4931','TR094','','MN013','',1,16000,'',NULL,'','pending'),
('DM4942','TR1003','','MN002','',2,24000,'',NULL,'','pending'),
('DM4948','TR1003','','MN006','',2,28000,'',NULL,'','pending'),
('DM49510','TR1016','','MN001','',1,5000,'',NULL,'','pending'),
('DM49610','TR1051','','MN001','',1,5000,'',NULL,'','pending'),
('DM4967','TR1051','','MN008','',1,16000,'',NULL,'','pending'),
('DM4979','TR1055','','MN010','',1,18000,'',NULL,'','pending'),
('DM498','TR988','','MN003','',2,16000,'',NULL,'','pending'),
('DM49810','TR1059','','MN006','',1,14000,'',NULL,'','pending'),
('DM4997','TR106','','MN006','',2,28000,'',NULL,'','pending'),
('DM5006','TR1063','','MN008','',1,16000,'',NULL,'','pending'),
('DM5007','TR1063','','MN012','',1,14000,'',NULL,'','pending'),
('DM5019','TR143','','MN014','',2,24000,'',NULL,'','pending'),
('DM5022','TR182','','MN008','',1,16000,'',NULL,'','pending'),
('DM5026','TR182','','MN002','',1,12000,'',NULL,'','pending'),
('DM503','TR021','','MN003','',2,16000,'',NULL,'','pending'),
('DM50310','TR208','','MN002','',1,12000,'',NULL,'','pending'),
('DM50462','TR246','','MN010','',1,18000,'',NULL,'','pending'),
('DM5057','TR264','','MN003','',2,16000,'',NULL,'','pending'),
('DM5062','TR278','','MN004','',1,8000,'',NULL,'','pending'),
('DM5069','TR278','','MN005','',1,14000,'',NULL,'','pending'),
('DM507','TR021','','MN010','',2,36000,'',NULL,'','pending'),
('DM5074','TR281','','MN014','',2,24000,'',NULL,'','pending'),
('DM50810','TR296','','MN004','',1,8000,'',NULL,'','pending'),
('DM5082','TR296','','MN008','',1,16000,'',NULL,'','pending'),
('DM5091','TR303','','MN002','',2,24000,'',NULL,'','pending'),
('DM51087','TR362','','MN010','',1,18000,'',NULL,'','pending'),
('DM5112','TR375','','MN012','',2,28000,'',NULL,'','pending'),
('DM512','TR026','','MN007','',1,13000,'',NULL,'','pending'),
('DM5122','TR380','','MN005','',2,28000,'',NULL,'','pending'),
('DM5124','TR380','','MN010','',2,36000,'',NULL,'','pending'),
('DM5131','TR408','','MN009','',1,20000,'',NULL,'','pending'),
('DM5143','TR429','','MN002','',2,24000,'',NULL,'','pending'),
('DM5148','TR429','','MN004','',2,16000,'',NULL,'','pending'),
('DM5151','TR484','','MN010','',1,18000,'',NULL,'','pending'),
('DM5161','TR494','','MN007','',1,13000,'',NULL,'','pending'),
('DM5169','TR494','','MN009','',1,20000,'',NULL,'','pending'),
('DM5174','TR500','','MN003','',1,8000,'',NULL,'','pending'),
('DM5185','TR553','','MN010','',2,36000,'',NULL,'','pending'),
('DM5188','TR553','','MN001','',2,10000,'',NULL,'','pending'),
('DM5191','TR559','','MN007','',1,13000,'',NULL,'','pending'),
('DM5207','TR569','','MN012','',1,14000,'',NULL,'','pending'),
('DM5209','TR569','','MN003','',1,8000,'',NULL,'','pending'),
('DM5219','TR572','','MN003','',2,16000,'',NULL,'','pending'),
('DM5223','TR582','','MN003','',1,8000,'',NULL,'','pending'),
('DM5226','TR582','','MN007','',1,13000,'',NULL,'','pending'),
('DM5232','TR610','','MN010','',2,36000,'',NULL,'','pending'),
('DM5247','TR613','','MN010','',1,18000,'',NULL,'','pending'),
('DM5249','TR613','','MN013','',1,16000,'',NULL,'','pending'),
('DM5251','TR618','','MN003','',2,16000,'',NULL,'','pending'),
('DM5263','TR628','','MN001','',2,10000,'',NULL,'','pending'),
('DM5268','TR033','','MN009','',1,20000,'',NULL,'','pending'),
('DM5269','TR628','','MN012','',2,28000,'',NULL,'','pending'),
('DM5275','TR647','','MN001','',2,10000,'',NULL,'','pending'),
('DM52810','TR673','','MN001','',1,5000,'',NULL,'','pending'),
('DM5284','TR673','','MN003','',1,8000,'',NULL,'','pending'),
('DM5291','TR675','','MN002','',2,24000,'',NULL,'','pending'),
('DM5306','TR695','','MN003','',2,16000,'',NULL,'','pending'),
('DM5307','TR695','','MN007','',2,26000,'',NULL,'','pending'),
('DM5317','TR725','','MN007','',1,13000,'',NULL,'','pending'),
('DM5323','TR727','','MN010','',1,18000,'',NULL,'','pending'),
('DM5328','TR727','','MN001','',1,5000,'',NULL,'','pending'),
('DM5334','TR742','','MN008','',2,32000,'',NULL,'','pending'),
('DM5342','TR782','','MN013','',1,16000,'',NULL,'','pending'),
('DM5344','TR782','','MN003','',1,8000,'',NULL,'','pending'),
('DM5356','TR783','','MN010','',1,18000,'',NULL,'','pending'),
('DM5368','TR795','','MN011','',1,15000,'',NULL,'','pending'),
('DM5369','TR795','','MN003','',1,8000,'',NULL,'','pending'),
('DM5377','TR841','','MN003','',1,8000,'',NULL,'','pending'),
('DM538','TR034','','MN009','',1,20000,'',NULL,'','pending'),
('DM5381','TR917','','MN012','',1,14000,'',NULL,'','pending'),
('DM5388','TR917','','MN008','',1,16000,'',NULL,'','pending'),
('DM5394','TR963','','MN004','',2,16000,'',NULL,'','pending'),
('DM5401','TR965','','MN008','',1,16000,'',NULL,'','pending'),
('DM5406','TR965','','MN001','',1,5000,'',NULL,'','pending'),
('DM5413','TR985','','MN009','',1,20000,'',NULL,'','pending'),
('DM542','TR036','','MN008','',1,16000,'',NULL,'','pending'),
('DM54246','TR992','','MN012','',2,28000,'',NULL,'','pending'),
('DM5438','TR066','','MN013','',2,32000,'',NULL,'','pending'),
('DM54410','TR1015','','MN014','',2,24000,'',NULL,'','pending'),
('DM5446','TR1015','','MN010','',2,36000,'',NULL,'','pending'),
('DM5452','TR1021','','MN007','',2,26000,'',NULL,'','pending'),
('DM5463','TR1025','','MN009','',2,40000,'',NULL,'','pending'),
('DM5468','TR1025','','MN007','',2,26000,'',NULL,'','pending'),
('DM5479','TR1039','','MN011','',1,15000,'',NULL,'','pending'),
('DM548','TR036','','MN009','',1,20000,'',NULL,'','pending'),
('DM5484','TR136','','MN011','',2,30000,'',NULL,'','pending'),
('DM5489','TR136','','MN012','',2,28000,'',NULL,'','pending'),
('DM5497','TR139','','MN005','',1,14000,'',NULL,'','pending'),
('DM5503','TR141','','MN008','',1,16000,'',NULL,'','pending'),
('DM5506','TR141','','MN013','',1,16000,'',NULL,'','pending'),
('DM5515','TR179','','MN011','',1,15000,'',NULL,'','pending'),
('DM5521','TR198','','MN005','',1,14000,'',NULL,'','pending'),
('DM5525','TR198','','MN007','',1,13000,'',NULL,'','pending'),
('DM5534','TR205','','MN006','',2,28000,'',NULL,'','pending'),
('DM5543','TR211','','MN006','',2,28000,'',NULL,'','pending'),
('DM5544','TR211','','MN013','',2,32000,'',NULL,'','pending'),
('DM5559','TR230','','MN001','',1,5000,'',NULL,'','pending'),
('DM556','TR042','','MN014','',2,24000,'',NULL,'','pending'),
('DM5564','TR247','','MN007','',2,26000,'',NULL,'','pending'),
('DM5569','TR247','','MN005','',2,28000,'',NULL,'','pending'),
('DM5575','TR255','','MN005','',1,14000,'',NULL,'','pending'),
('DM5581','TR284','','MN001','',2,10000,'',NULL,'','pending'),
('DM5585','TR284','','MN004','',2,16000,'',NULL,'','pending'),
('DM5594','TR337','','MN009','',1,20000,'',NULL,'','pending'),
('DM56010','TR343','','MN009','',1,20000,'',NULL,'','pending'),
('DM5607','TR343','','MN013','',1,16000,'',NULL,'','pending'),
('DM561','TR054','','MN012','',2,28000,'',NULL,'','pending'),
('DM5615','TR346','','MN002','',1,12000,'',NULL,'','pending'),
('DM5626','TR364','','MN002','',2,24000,'',NULL,'','pending'),
('DM5629','TR364','','MN009','',2,40000,'',NULL,'','pending'),
('DM5639','TR366','','MN005','',1,14000,'',NULL,'','pending'),
('DM5642','TR433','','MN011','',1,15000,'',NULL,'','pending'),
('DM5644','TR433','','MN012','',1,14000,'',NULL,'','pending'),
('DM5653','TR448','','MN001','',1,5000,'',NULL,'','pending'),
('DM5662','TR469','','MN009','',1,20000,'',NULL,'','pending'),
('DM5665','TR469','','MN005','',1,14000,'',NULL,'','pending'),
('DM5677','TR479','','MN007','',1,13000,'',NULL,'','pending'),
('DM5682','TR536','','MN005','',1,14000,'',NULL,'','pending'),
('DM5688','TR536','','MN012','',1,14000,'',NULL,'','pending'),
('DM569','TR054','','MN008','',2,32000,'',NULL,'','pending'),
('DM5697','TR548','','MN014','',1,12000,'',NULL,'','pending'),
('DM5702','TR574','','MN005','',1,14000,'',NULL,'','pending'),
('DM5705','TR574','','MN007','',1,13000,'',NULL,'','pending'),
('DM5718','TR598','','MN011','',2,30000,'',NULL,'','pending'),
('DM5723','TR686','','MN009','',1,20000,'',NULL,'','pending'),
('DM5729','TR686','','MN010','',1,18000,'',NULL,'','pending'),
('DM5733','TR720','','MN007','',1,13000,'',NULL,'','pending'),
('DM5741','TR745','','MN005','',2,28000,'',NULL,'','pending'),
('DM5748','TR745','','MN013','',2,32000,'',NULL,'','pending'),
('DM575','TR068','','MN002','',2,24000,'',NULL,'','pending'),
('DM5751','TR820','','MN001','',2,10000,'',NULL,'','pending'),
('DM5764','TR838','','MN001','',1,5000,'',NULL,'','pending'),
('DM5766','TR838','','MN007','',1,13000,'',NULL,'','pending'),
('DM5774','TR867','','MN005','',2,28000,'',NULL,'','pending'),
('DM5781','TR894','','MN004','',1,8000,'',NULL,'','pending'),
('DM5786','TR894','','MN001','',1,5000,'',NULL,'','pending'),
('DM57910','TR896','','MN004','',2,16000,'',NULL,'','pending'),
('DM5802','TR911','','MN011','',2,30000,'',NULL,'','pending'),
('DM5808','TR911','','MN007','',2,26000,'',NULL,'','pending'),
('DM581','TR076','','MN006','',1,14000,'',NULL,'','pending'),
('DM5810','TR076','','MN004','',1,8000,'',NULL,'','pending'),
('DM5812','TR929','','MN005','',1,14000,'',NULL,'','pending'),
('DM58248','TR930','','MN005','',2,28000,'',NULL,'','pending'),
('DM5831','TR964','','MN004','',2,16000,'',NULL,'','pending'),
('DM5844','TR056','','MN010','',1,18000,'',NULL,'','pending'),
('DM5849','TR056','','MN009','',1,20000,'',NULL,'','pending'),
('DM5857','TR1033','','MN003','',1,8000,'',NULL,'','pending'),
('DM5867','TR1076','','MN004','',2,16000,'',NULL,'','pending'),
('DM5868','TR1076','','MN010','',2,36000,'',NULL,'','pending'),
('DM5876','TR116','','MN010','',2,36000,'',NULL,'','pending'),
('DM5882','TR128','','MN005','',1,14000,'',NULL,'','pending'),
('DM5888','TR128','','MN007','',1,13000,'',NULL,'','pending'),
('DM5892','TR152','','MN006','',2,28000,'',NULL,'','pending'),
('DM59','TR091','','MN004','',1,8000,'',NULL,'','pending'),
('DM59037','TR160','','MN008','',1,16000,'',NULL,'','pending'),
('DM5913','TR164','','MN002','',1,12000,'',NULL,'','pending'),
('DM5923','TR193','','MN002','',1,12000,'',NULL,'','pending'),
('DM5928','TR193','','MN009','',1,20000,'',NULL,'','pending'),
('DM5934','TR196','','MN007','',2,26000,'',NULL,'','pending'),
('DM594','TR1001','','MN012','',1,14000,'',NULL,'','pending'),
('DM5942','TR203','','MN013','',2,32000,'',NULL,'','pending'),
('DM5949','TR203','','MN003','',2,16000,'',NULL,'','pending'),
('DM5953','TR220','','MN005','',2,28000,'',NULL,'','pending'),
('DM5961','TR221','','MN012','',2,28000,'',NULL,'','pending'),
('DM5964','TR221','','MN010','',2,36000,'',NULL,'','pending'),
('DM5978','TR249','','MN014','',1,12000,'',NULL,'','pending'),
('DM5981','TR275','','MN011','',1,15000,'',NULL,'','pending'),
('DM5986','TR275','','MN012','',1,14000,'',NULL,'','pending'),
('DM5993','TR276','','MN006','',2,28000,'',NULL,'','pending'),
('DM60010','TR291','','MN006','',2,28000,'',NULL,'','pending'),
('DM6009','TR291','','MN014','',2,24000,'',NULL,'','pending'),
('DM60110','TR294','','MN013','',1,16000,'',NULL,'','pending'),
('DM60210','TR315','','MN005','',2,28000,'',NULL,'','pending'),
('DM6023','TR315','','MN002','',2,24000,'',NULL,'','pending'),
('DM603','TR103','','MN011','',2,30000,'',NULL,'','pending'),
('DM6034','TR317','','MN006','',1,14000,'',NULL,'','pending'),
('DM6046','TR323','','MN004','',2,16000,'',NULL,'','pending'),
('DM6047','TR323','','MN001','',2,10000,'',NULL,'','pending'),
('DM605','TR103','','MN010','',2,36000,'',NULL,'','pending'),
('DM6059','TR325','','MN014','',2,24000,'',NULL,'','pending'),
('DM6064','TR338','','MN014','',2,24000,'',NULL,'','pending'),
('DM6065','TR338','','MN010','',2,36000,'',NULL,'','pending'),
('DM6073','TR342','','MN001','',1,5000,'',NULL,'','pending'),
('DM6086','TR402','','MN011','',2,30000,'',NULL,'','pending'),
('DM6089','TR402','','MN013','',2,32000,'',NULL,'','pending'),
('DM6095','TR403','','MN007','',1,13000,'',NULL,'','pending'),
('DM6102','TR407','','MN009','',1,20000,'',NULL,'','pending'),
('DM6105','TR407','','MN012','',1,14000,'',NULL,'','pending'),
('DM6114','TR411','','MN003','',2,16000,'',NULL,'','pending'),
('DM612','TR1045','','MN012','',1,14000,'',NULL,'','pending'),
('DM6121','TR422','','MN012','',1,14000,'',NULL,'','pending'),
('DM6122','TR422','','MN013','',1,16000,'',NULL,'','pending'),
('DM6132','TR430','','MN009','',2,40000,'',NULL,'','pending'),
('DM61410','TR440','','MN001','',1,5000,'',NULL,'','pending'),
('DM6146','TR440','','MN006','',1,14000,'',NULL,'','pending'),
('DM6158','TR446','','MN008','',1,16000,'',NULL,'','pending'),
('DM6167','TR478','','MN002','',2,24000,'',NULL,'','pending'),
('DM6168','TR478','','MN009','',2,40000,'',NULL,'','pending'),
('DM6179','TR482','','MN002','',2,24000,'',NULL,'','pending'),
('DM6187','TR511','','MN013','',2,32000,'',NULL,'','pending'),
('DM6189','TR511','','MN005','',2,28000,'',NULL,'','pending'),
('DM6196','TR512','','MN006','',1,14000,'',NULL,'','pending'),
('DM62','TR100','','MN011','',2,30000,'',NULL,'','pending'),
('DM6207','TR537','','MN012','',1,14000,'',NULL,'','pending'),
('DM6209','TR537','','MN004','',1,8000,'',NULL,'','pending'),
('DM621','TR105','','MN005','',2,28000,'',NULL,'','pending'),
('DM6218','TR558','','MN002','',2,24000,'',NULL,'','pending'),
('DM6223','TR566','','MN002','',1,12000,'',NULL,'','pending'),
('DM6227','TR566','','MN004','',1,8000,'',NULL,'','pending'),
('DM623','TR105','','MN001','',2,10000,'',NULL,'','pending'),
('DM6237','TR576','','MN012','',1,14000,'',NULL,'','pending'),
('DM62412','TR606','','MN006','',2,28000,'',NULL,'','pending'),
('DM6258','TR615','','MN014','',1,12000,'',NULL,'','pending'),
('DM6266','TR616','','MN014','',2,24000,'',NULL,'','pending'),
('DM6268','TR616','','MN011','',2,30000,'',NULL,'','pending'),
('DM6277','TR622','','MN005','',2,28000,'',NULL,'','pending'),
('DM6281','TR648','','MN010','',2,36000,'',NULL,'','pending'),
('DM6289','TR648','','MN005','',2,28000,'',NULL,'','pending'),
('DM6292','TR693','','MN003','',2,16000,'',NULL,'','pending'),
('DM6303','TR704','','MN010','',2,36000,'',NULL,'','pending'),
('DM6307','TR704','','MN014','',2,24000,'',NULL,'','pending'),
('DM6319','TR732','','MN003','',2,16000,'',NULL,'','pending'),
('DM6321','TR763','','MN005','',2,28000,'',NULL,'','pending'),
('DM6328','TR763','','MN013','',2,32000,'',NULL,'','pending'),
('DM6331','TR766','','MN009','',1,20000,'',NULL,'','pending'),
('DM6344','TR776','','MN008','',2,32000,'',NULL,'','pending'),
('DM6346','TR776','','MN005','',2,28000,'',NULL,'','pending'),
('DM6359','TR797','','MN001','',1,5000,'',NULL,'','pending'),
('DM6361','TR824','','MN012','',2,28000,'',NULL,'','pending'),
('DM6363','TR824','','MN007','',2,26000,'',NULL,'','pending'),
('DM6379','TR827','','MN002','',2,24000,'',NULL,'','pending'),
('DM638','TR114','','MN004','',2,16000,'',NULL,'','pending'),
('DM6387','TR834','','MN011','',1,15000,'',NULL,'','pending'),
('DM6389','TR834','','MN001','',1,5000,'',NULL,'','pending'),
('DM6397','TR840','','MN012','',2,28000,'',NULL,'','pending'),
('DM6402','TR852','','MN004','',2,16000,'',NULL,'','pending'),
('DM6403','TR852','','MN008','',2,32000,'',NULL,'','pending'),
('DM641','TR120','','MN003','',2,16000,'',NULL,'','pending'),
('DM64110','TR864','','MN002','',1,12000,'',NULL,'','pending'),
('DM6422','TR870','','MN006','',2,28000,'',NULL,'','pending'),
('DM6423','TR870','','MN005','',2,28000,'',NULL,'','pending'),
('DM64310','TR878','','MN010','',1,18000,'',NULL,'','pending'),
('DM6445','TR915','','MN010','',1,18000,'',NULL,'','pending'),
('DM6449','TR915','','MN003','',1,8000,'',NULL,'','pending'),
('DM6454','TR936','','MN006','',2,28000,'',NULL,'','pending'),
('DM6461','TR937','','MN006','',1,14000,'',NULL,'','pending'),
('DM6464','TR937','','MN011','',1,15000,'',NULL,'','pending'),
('DM647','TR120','','MN011','',2,30000,'',NULL,'','pending'),
('DM6473','TR051','','MN006','',1,14000,'',NULL,'','pending'),
('DM6482','TR059','','MN009','',2,40000,'',NULL,'','pending'),
('DM6487','TR059','','MN013','',2,32000,'',NULL,'','pending'),
('DM6495','TR074','','MN006','',2,28000,'',NULL,'','pending'),
('DM6507','TR092','','MN006','',1,14000,'',NULL,'','pending'),
('DM6508','TR092','','MN001','',1,5000,'',NULL,'','pending'),
('DM651','TR126','','MN010','',1,18000,'',NULL,'','pending'),
('DM6512','TR1002','','MN009','',1,20000,'',NULL,'','pending'),
('DM6523','TR1053','','MN005','',1,14000,'',NULL,'','pending'),
('DM6526','TR1053','','MN011','',1,15000,'',NULL,'','pending'),
('DM65310','TR1054','','MN013','',2,32000,'',NULL,'','pending'),
('DM6544','TR1065','','MN006','',2,28000,'',NULL,'','pending'),
('DM6546','TR1065','','MN013','',2,32000,'',NULL,'','pending'),
('DM6554','TR127','','MN006','',1,14000,'',NULL,'','pending'),
('DM65614','TR130','','MN002','',1,12000,'',NULL,'','pending'),
('DM6577','TR181','','MN011','',2,30000,'',NULL,'','pending'),
('DM6581','TR185','','MN007','',1,13000,'',NULL,'','pending'),
('DM6583','TR185','','MN011','',1,15000,'',NULL,'','pending'),
('DM6597','TR238','','MN009','',1,20000,'',NULL,'','pending'),
('DM66071','TR272','','MN006','',2,28000,'',NULL,'','pending'),
('DM6613','TR302','','MN011','',2,30000,'',NULL,'','pending'),
('DM6622','TR340','','MN004','',1,8000,'',NULL,'','pending'),
('DM6626','TR340','','MN009','',1,20000,'',NULL,'','pending'),
('DM6634','TR349','','MN006','',1,14000,'',NULL,'','pending'),
('DM664','TR129','','MN013','',1,16000,'',NULL,'','pending'),
('DM6644','TR353','','MN003','',2,16000,'',NULL,'','pending'),
('DM6646','TR353','','MN013','',2,32000,'',NULL,'','pending'),
('DM665','TR129','','MN001','',1,5000,'',NULL,'','pending'),
('DM6654','TR368','','MN006','',1,14000,'',NULL,'','pending'),
('DM6661','TR389','','MN008','',1,16000,'',NULL,'','pending'),
('DM6665','TR389','','MN014','',1,12000,'',NULL,'','pending'),
('DM6675','TR390','','MN010','',1,18000,'',NULL,'','pending'),
('DM6682','TR415','','MN007','',2,26000,'',NULL,'','pending'),
('DM6686','TR415','','MN003','',2,16000,'',NULL,'','pending'),
('DM6693','TR424','','MN008','',1,16000,'',NULL,'','pending'),
('DM67','TR100','','MN007','',2,26000,'',NULL,'','pending'),
('DM6704','TR431','','MN008','',2,32000,'',NULL,'','pending'),
('DM6708','TR431','','MN011','',2,30000,'',NULL,'','pending'),
('DM6718','TR447','','MN005','',1,14000,'',NULL,'','pending'),
('DM6724','TR452','','MN014','',1,12000,'',NULL,'','pending'),
('DM6727','TR452','','MN001','',1,5000,'',NULL,'','pending'),
('DM6731','TR468','','MN010','',1,18000,'',NULL,'','pending'),
('DM6742','TR550','','MN005','',2,28000,'',NULL,'','pending'),
('DM6743','TR550','','MN013','',2,32000,'',NULL,'','pending'),
('DM6752','TR561','','MN004','',2,16000,'',NULL,'','pending'),
('DM6762','TR584','','MN012','',1,14000,'',NULL,'','pending'),
('DM6768','TR584','','MN013','',1,16000,'',NULL,'','pending'),
('DM6772','TR601','','MN012','',1,14000,'',NULL,'','pending'),
('DM678','TR146','','MN012','',1,14000,'',NULL,'','pending'),
('DM6782','TR633','','MN010','',2,36000,'',NULL,'','pending'),
('DM6784','TR633','','MN002','',2,24000,'',NULL,'','pending'),
('DM6798','TR645','','MN012','',2,28000,'',NULL,'','pending'),
('DM6803','TR679','','MN002','',2,24000,'',NULL,'','pending'),
('DM6806','TR679','','MN003','',2,16000,'',NULL,'','pending'),
('DM68110','TR687','','MN006','',1,14000,'',NULL,'','pending'),
('DM68210','TR700','','MN010','',1,18000,'',NULL,'','pending'),
('DM6822','TR700','','MN005','',1,14000,'',NULL,'','pending'),
('DM68310','TR706','','MN004','',2,16000,'',NULL,'','pending'),
('DM68410','TR709','','MN013','',1,16000,'',NULL,'','pending'),
('DM6848','TR709','','MN011','',1,15000,'',NULL,'','pending'),
('DM685','TR155','','MN013','',1,16000,'',NULL,'','pending'),
('DM6853','TR714','','MN014','',2,24000,'',NULL,'','pending'),
('DM6861','TR726','','MN002','',2,24000,'',NULL,'','pending'),
('DM6862','TR726','','MN009','',2,40000,'',NULL,'','pending'),
('DM6872','TR741','','MN010','',2,36000,'',NULL,'','pending'),
('DM6882','TR743','','MN014','',1,12000,'',NULL,'','pending'),
('DM6885','TR743','','MN002','',1,12000,'',NULL,'','pending'),
('DM689','TR155','','MN001','',1,5000,'',NULL,'','pending'),
('DM6894','TR755','','MN012','',1,14000,'',NULL,'','pending'),
('DM6901','TR787','','MN006','',2,28000,'',NULL,'','pending'),
('DM69010','TR787','','MN009','',2,40000,'',NULL,'','pending'),
('DM6915','TR788','','MN001','',2,10000,'',NULL,'','pending'),
('DM6925','TR798','','MN002','',1,12000,'',NULL,'','pending'),
('DM6927','TR798','','MN007','',1,13000,'',NULL,'','pending'),
('DM693','TR184','','MN013','',2,32000,'',NULL,'','pending'),
('DM69310','TR835','','MN011','',1,15000,'',NULL,'','pending'),
('DM6944','TR858','','MN005','',1,14000,'',NULL,'','pending'),
('DM6949','TR858','','MN010','',1,18000,'',NULL,'','pending'),
('DM6954','TR869','','MN003','',1,8000,'',NULL,'','pending'),
('DM6963','TR874','','MN007','',2,26000,'',NULL,'','pending'),
('DM6966','TR874','','MN008','',2,32000,'',NULL,'','pending'),
('DM6971','TR877','','MN011','',2,30000,'',NULL,'','pending'),
('DM6982','TR925','','MN006','',2,28000,'',NULL,'','pending'),
('DM6985','TR925','','MN009','',2,40000,'',NULL,'','pending'),
('DM6993','TR976','','MN010','',2,36000,'',NULL,'','pending'),
('DM7007','TR977','','MN009','',2,40000,'',NULL,'','pending'),
('DM7008','TR977','','MN004','',2,16000,'',NULL,'','pending'),
('DM7017','TR986','','MN006','',2,28000,'',NULL,'','pending'),
('DM7023','TR989','','MN014','',1,12000,'',NULL,'','pending'),
('DM7024','TR989','','MN010','',1,18000,'',NULL,'','pending'),
('DM7039','TR003','','MN005','',2,28000,'',NULL,'','pending'),
('DM7046','TR011','','MN012','',1,14000,'',NULL,'','pending'),
('DM7047','TR011','','MN007','',1,13000,'',NULL,'','pending'),
('DM7059','TR015','','MN004','',2,16000,'',NULL,'','pending'),
('DM7062','TR017','','MN011','',2,30000,'',NULL,'','pending'),
('DM7068','TR017','','MN002','',2,24000,'',NULL,'','pending'),
('DM7072','TR022','','MN005','',1,14000,'',NULL,'','pending'),
('DM708','TR194','','MN008','',2,32000,'',NULL,'','pending'),
('DM7085','TR049','','MN013','',2,32000,'',NULL,'','pending'),
('DM7087','TR049','','MN003','',2,16000,'',NULL,'','pending'),
('DM709','TR194','','MN003','',2,16000,'',NULL,'','pending'),
('DM7098','TR070','','MN007','',1,13000,'',NULL,'','pending'),
('DM7107','TR099','','MN011','',1,15000,'',NULL,'','pending'),
('DM7108','TR099','','MN001','',1,5000,'',NULL,'','pending'),
('DM7111','TR1006','','MN004','',2,16000,'',NULL,'','pending'),
('DM71210','TR112','','MN001','',1,5000,'',NULL,'','pending'),
('DM7127','TR112','','MN014','',1,12000,'',NULL,'','pending'),
('DM7137','TR131','','MN005','',2,28000,'',NULL,'','pending'),
('DM7141','TR156','','MN001','',2,10000,'',NULL,'','pending'),
('DM7145','TR156','','MN006','',2,28000,'',NULL,'','pending'),
('DM7155','TR168','','MN007','',1,13000,'',NULL,'','pending'),
('DM7162','TR186','','MN003','',2,16000,'',NULL,'','pending'),
('DM7167','TR186','','MN001','',2,10000,'',NULL,'','pending'),
('DM7177','TR257','','MN003','',2,16000,'',NULL,'','pending'),
('DM7182','TR267','','MN008','',1,16000,'',NULL,'','pending'),
('DM7188','TR267','','MN004','',1,8000,'',NULL,'','pending'),
('DM719','TR201','','MN012','',2,28000,'',NULL,'','pending'),
('DM7196','TR379','','MN009','',1,20000,'',NULL,'','pending'),
('DM7206','TR441','','MN010','',1,18000,'',NULL,'','pending'),
('DM7208','TR441','','MN012','',1,14000,'',NULL,'','pending'),
('DM7219','TR474','','MN008','',1,16000,'',NULL,'','pending'),
('DM7223','TR496','','MN011','',1,15000,'',NULL,'','pending'),
('DM7227','TR496','','MN007','',1,13000,'',NULL,'','pending'),
('DM7231','TR502','','MN003','',1,8000,'',NULL,'','pending'),
('DM7242','TR518','','MN004','',2,16000,'',NULL,'','pending'),
('DM7245','TR518','','MN002','',2,24000,'',NULL,'','pending'),
('DM725','TR202','','MN001','',2,10000,'',NULL,'','pending'),
('DM7258','TR522','','MN009','',1,20000,'',NULL,'','pending'),
('DM7265','TR541','','MN008','',1,16000,'',NULL,'','pending'),
('DM7266','TR541','','MN005','',1,14000,'',NULL,'','pending'),
('DM7278','TR544','','MN012','',1,14000,'',NULL,'','pending'),
('DM72810','TR557','','MN005','',1,14000,'',NULL,'','pending'),
('DM7282','TR557','','MN001','',1,5000,'',NULL,'','pending'),
('DM729','TR202','','MN004','',2,16000,'',NULL,'','pending'),
('DM7299','TR560','','MN011','',1,15000,'',NULL,'','pending'),
('DM7302','TR585','','MN014','',2,24000,'',NULL,'','pending'),
('DM7304','TR585','','MN013','',2,32000,'',NULL,'','pending'),
('DM7314','TR604','','MN001','',1,5000,'',NULL,'','pending'),
('DM7321','TR605','','MN004','',1,8000,'',NULL,'','pending'),
('DM7326','TR605','','MN001','',1,5000,'',NULL,'','pending'),
('DM7339','TR609','','MN006','',2,28000,'',NULL,'','pending'),
('DM73410','TR649','','MN006','',1,14000,'',NULL,'','pending'),
('DM7343','TR649','','MN009','',1,20000,'',NULL,'','pending'),
('DM7358','TR658','','MN002','',1,12000,'',NULL,'','pending'),
('DM7363','TR665','','MN002','',2,24000,'',NULL,'','pending'),
('DM7365','TR665','','MN003','',2,16000,'',NULL,'','pending'),
('DM7374','TR669','','MN010','',2,36000,'',NULL,'','pending'),
('DM738','TR204','','MN003','',2,16000,'',NULL,'','pending'),
('DM73887','TR691','','MN007','',1,13000,'',NULL,'','pending'),
('DM7392','TR718','','MN009','',2,40000,'',NULL,'','pending'),
('DM7402','TR765','','MN013','',1,16000,'',NULL,'','pending'),
('DM7408','TR765','','MN010','',1,18000,'',NULL,'','pending'),
('DM74110','TR796','','MN009','',1,20000,'',NULL,'','pending'),
('DM7421','TR809','','MN012','',1,14000,'',NULL,'','pending'),
('DM7424','TR809','','MN005','',1,14000,'',NULL,'','pending'),
('DM7436','TR862','','MN012','',1,14000,'',NULL,'','pending'),
('DM74410','TR872','','MN013','',2,32000,'',NULL,'','pending'),
('DM7443','TR872','','MN007','',2,26000,'',NULL,'','pending'),
('DM7454','TR892','','MN011','',1,15000,'',NULL,'','pending'),
('DM7466','TR909','','MN003','',1,8000,'',NULL,'','pending'),
('DM7467','TR909','','MN010','',1,18000,'',NULL,'','pending'),
('DM74710','TR924','','MN013','',2,32000,'',NULL,'','pending'),
('DM748','TR210','','MN004','',2,16000,'',NULL,'','pending'),
('DM7484','TR942','','MN001','',2,10000,'',NULL,'','pending'),
('DM7485','TR942','','MN004','',2,16000,'',NULL,'','pending'),
('DM749','TR210','','MN009','',2,40000,'',NULL,'','pending'),
('DM7493','TR946','','MN001','',1,5000,'',NULL,'','pending'),
('DM75','TR1049','','MN010','',2,36000,'',NULL,'','pending'),
('DM7503','TR948','','MN010','',2,36000,'',NULL,'','pending'),
('DM7506','TR948','','MN013','',2,32000,'',NULL,'','pending'),
('DM7510','TR232','','MN008','',1,16000,'',NULL,'','pending'),
('DM7517','TR972','','MN014','',2,24000,'',NULL,'','pending'),
('DM7526','TR013','','MN005','',1,14000,'',NULL,'','pending'),
('DM7529','TR013','','MN007','',1,13000,'',NULL,'','pending'),
('DM7532','TR024','','MN014','',1,12000,'',NULL,'','pending'),
('DM7541','TR040','','MN012','',2,28000,'',NULL,'','pending'),
('DM7544','TR040','','MN006','',2,28000,'',NULL,'','pending'),
('DM7559','TR045','','MN014','',2,24000,'',NULL,'','pending'),
('DM7566','TR1004','','MN014','',1,12000,'',NULL,'','pending'),
('DM7569','TR1004','','MN009','',1,20000,'',NULL,'','pending'),
('DM7579','TR1014','','MN014','',1,12000,'',NULL,'','pending'),
('DM7582','TR1019','','MN003','',1,8000,'',NULL,'','pending'),
('DM7587','TR1019','','MN014','',1,12000,'',NULL,'','pending'),
('DM7591','TR1030','','MN010','',2,36000,'',NULL,'','pending'),
('DM7602','TR1061','','MN008','',2,32000,'',NULL,'','pending'),
('DM7609','TR1061','','MN013','',2,32000,'',NULL,'','pending'),
('DM7616','TR1071','','MN008','',1,16000,'',NULL,'','pending'),
('DM7623','TR119','','MN007','',2,26000,'',NULL,'','pending'),
('DM7627','TR119','','MN011','',2,30000,'',NULL,'','pending'),
('DM7631','TR188','','MN010','',2,36000,'',NULL,'','pending'),
('DM76487','TR200','','MN011','',2,30000,'',NULL,'','pending'),
('DM765','TR233','','MN003','',2,16000,'',NULL,'','pending'),
('DM7655','TR231','','MN008','',2,32000,'',NULL,'','pending'),
('DM766','TR233','','MN007','',2,26000,'',NULL,'','pending'),
('DM7663','TR240','','MN009','',1,20000,'',NULL,'','pending'),
('DM7669','TR240','','MN010','',1,18000,'',NULL,'','pending'),
('DM7672','TR251','','MN002','',2,24000,'',NULL,'','pending'),
('DM76810','TR263','','MN002','',1,12000,'',NULL,'','pending'),
('DM7682','TR263','','MN003','',1,8000,'',NULL,'','pending'),
('DM7692','TR266','','MN007','',2,26000,'',NULL,'','pending'),
('DM77075','TR331','','MN005','',2,28000,'',NULL,'','pending'),
('DM7714','TR383','','MN002','',2,24000,'',NULL,'','pending'),
('DM7722','TR394','','MN012','',2,28000,'',NULL,'','pending'),
('DM7726','TR394','','MN013','',2,32000,'',NULL,'','pending'),
('DM7735','TR405','','MN010','',1,18000,'',NULL,'','pending'),
('DM7741','TR470','','MN014','',2,24000,'',NULL,'','pending'),
('DM7742','TR470','','MN008','',2,32000,'',NULL,'','pending'),
('DM775','TR235','','MN014','',1,12000,'',NULL,'','pending'),
('DM7754','TR490','','MN009','',1,20000,'',NULL,'','pending'),
('DM7764','TR492','','MN002','',2,24000,'',NULL,'','pending'),
('DM7768','TR492','','MN013','',2,32000,'',NULL,'','pending'),
('DM7776','TR504','','MN003','',2,16000,'',NULL,'','pending'),
('DM7786','TR552','','MN009','',1,20000,'',NULL,'','pending'),
('DM7789','TR552','','MN010','',1,18000,'',NULL,'','pending'),
('DM77910','TR562','','MN003','',1,8000,'',NULL,'','pending'),
('DM7808','TR567','','MN013','',2,32000,'',NULL,'','pending'),
('DM7809','TR567','','MN007','',2,26000,'',NULL,'','pending'),
('DM7815','TR592','','MN007','',1,13000,'',NULL,'','pending'),
('DM78210','TR701','','MN001','',1,5000,'',NULL,'','pending'),
('DM7826','TR701','','MN004','',1,8000,'',NULL,'','pending'),
('DM7838','TR705','','MN007','',1,13000,'',NULL,'','pending'),
('DM784','TR242','','MN010','',1,18000,'',NULL,'','pending'),
('DM7844','TR722','','MN013','',2,32000,'',NULL,'','pending'),
('DM7847','TR722','','MN002','',2,24000,'',NULL,'','pending'),
('DM7852','TR731','','MN014','',1,12000,'',NULL,'','pending'),
('DM7863','TR749','','MN009','',2,40000,'',NULL,'','pending'),
('DM7867','TR749','','MN014','',2,24000,'',NULL,'','pending'),
('DM787','TR242','','MN005','',1,14000,'',NULL,'','pending'),
('DM7877','TR805','','MN010','',1,18000,'',NULL,'','pending'),
('DM7883','TR856','','MN007','',2,26000,'',NULL,'','pending'),
('DM7885','TR856','','MN004','',2,16000,'',NULL,'','pending'),
('DM7894','TR863','','MN005','',2,28000,'',NULL,'','pending'),
('DM7906','TR886','','MN001','',1,5000,'',NULL,'','pending'),
('DM7907','TR886','','MN014','',1,12000,'',NULL,'','pending'),
('DM7915','TR887','','MN008','',2,32000,'',NULL,'','pending'),
('DM7923','TR928','','MN002','',2,24000,'',NULL,'','pending'),
('DM7927','TR928','','MN013','',2,32000,'',NULL,'','pending'),
('DM7938','TR934','','MN009','',1,20000,'',NULL,'','pending'),
('DM7941','TR938','','MN010','',1,18000,'',NULL,'','pending'),
('DM7947','TR938','','MN002','',1,12000,'',NULL,'','pending'),
('DM7957','TR958','','MN013','',1,16000,'',NULL,'','pending'),
('DM7962','TR032','','MN004','',1,8000,'',NULL,'','pending'),
('DM7966','TR032','','MN001','',1,5000,'',NULL,'','pending'),
('DM7971','TR044','','MN005','',2,28000,'',NULL,'','pending'),
('DM7982','TR057','','MN012','',2,28000,'',NULL,'','pending'),
('DM7986','TR057','','MN003','',2,16000,'',NULL,'','pending'),
('DM799','TR274','','MN010','',1,18000,'',NULL,'','pending'),
('DM7998','TR082','','MN007','',1,13000,'',NULL,'','pending'),
('DM8003','TR095','','MN013','',2,32000,'',NULL,'','pending'),
('DM8006','TR095','','MN008','',2,32000,'',NULL,'','pending'),
('DM8012','TR1009','','MN006','',1,14000,'',NULL,'','pending'),
('DM802','TR300','','MN006','',1,14000,'',NULL,'','pending'),
('DM8021','TR101','','MN001','',1,5000,'',NULL,'','pending'),
('DM8023','TR101','','MN003','',1,8000,'',NULL,'','pending'),
('DM8039','TR1032','','MN007','',2,26000,'',NULL,'','pending'),
('DM804','TR300','','MN005','',1,14000,'',NULL,'','pending'),
('DM8042','TR104','','MN005','',1,14000,'',NULL,'','pending'),
('DM8049','TR104','','MN002','',1,12000,'',NULL,'','pending'),
('DM8056','TR1046','','MN002','',2,24000,'',NULL,'','pending'),
('DM80636','TR111','','MN001','',2,10000,'',NULL,'','pending'),
('DM8077','TR115','','MN005','',2,28000,'',NULL,'','pending'),
('DM8083','TR144','','MN001','',1,5000,'',NULL,'','pending'),
('DM8087','TR144','','MN002','',1,12000,'',NULL,'','pending'),
('DM8091','TR159','','MN009','',2,40000,'',NULL,'','pending'),
('DM810','TR1060','','MN007','',2,26000,'',NULL,'','pending'),
('DM8102','TR162','','MN002','',2,24000,'',NULL,'','pending'),
('DM8106','TR162','','MN012','',2,28000,'',NULL,'','pending'),
('DM8112','TR167','','MN001','',1,5000,'',NULL,'','pending'),
('DM8122','TR217','','MN001','',2,10000,'',NULL,'','pending'),
('DM8124','TR217','','MN007','',2,26000,'',NULL,'','pending'),
('DM813','TR314','','MN008','',2,32000,'',NULL,'','pending'),
('DM8136','TR254','','MN012','',2,28000,'',NULL,'','pending'),
('DM8142','TR268','','MN005','',2,28000,'',NULL,'','pending'),
('DM8145','TR268','','MN001','',2,10000,'',NULL,'','pending'),
('DM8154','TR273','','MN001','',1,5000,'',NULL,'','pending'),
('DM8162','TR280','','MN004','',1,8000,'',NULL,'','pending'),
('DM8164','TR280','','MN001','',1,5000,'',NULL,'','pending'),
('DM8174','TR313','','MN008','',1,16000,'',NULL,'','pending'),
('DM8186','TR372','','MN012','',2,28000,'',NULL,'','pending'),
('DM8187','TR372','','MN004','',2,16000,'',NULL,'','pending'),
('DM8197','TR400','','MN008','',2,32000,'',NULL,'','pending'),
('DM8201','TR419','','MN007','',2,26000,'',NULL,'','pending'),
('DM8207','TR419','','MN014','',2,24000,'',NULL,'','pending'),
('DM8214','TR464','','MN011','',1,15000,'',NULL,'','pending'),
('DM822','TR333','','MN013','',2,32000,'',NULL,'','pending'),
('DM8221','TR471','','MN011','',1,15000,'',NULL,'','pending'),
('DM8223','TR471','','MN005','',1,14000,'',NULL,'','pending'),
('DM8236','TR480','','MN012','',2,28000,'',NULL,'','pending'),
('DM8244','TR486','','MN001','',1,5000,'',NULL,'','pending'),
('DM8245','TR486','','MN010','',1,18000,'',NULL,'','pending'),
('DM8252','TR493','','MN007','',1,13000,'',NULL,'','pending'),
('DM8263','TR525','','MN002','',1,12000,'',NULL,'','pending'),
('DM8268','TR525','','MN013','',1,16000,'',NULL,'','pending'),
('DM827','TR333','','MN003','',2,16000,'',NULL,'','pending'),
('DM82710','TR542','','MN013','',2,32000,'',NULL,'','pending'),
('DM8284','TR565','','MN007','',1,13000,'',NULL,'','pending'),
('DM8288','TR565','','MN013','',1,16000,'',NULL,'','pending'),
('DM8293','TR661','','MN008','',2,32000,'',NULL,'','pending'),
('DM83022','TR681','','MN008','',2,32000,'',NULL,'','pending'),
('DM8315','TR682','','MN006','',2,28000,'',NULL,'','pending'),
('DM83210','TR723','','MN014','',2,24000,'',NULL,'','pending'),
('DM8329','TR723','','MN007','',2,26000,'',NULL,'','pending'),
('DM8332','TR735','','MN002','',1,12000,'',NULL,'','pending'),
('DM834','TR351','','MN001','',1,5000,'',NULL,'','pending'),
('DM83424','TR736','','MN013','',2,32000,'',NULL,'','pending'),
('DM8351','TR737','','MN005','',1,14000,'',NULL,'','pending'),
('DM8364','TR790','','MN012','',2,28000,'',NULL,'','pending'),
('DM8366','TR790','','MN013','',2,32000,'',NULL,'','pending'),
('DM8377','TR843','','MN014','',2,24000,'',NULL,'','pending'),
('DM8383','TR853','','MN009','',2,40000,'',NULL,'','pending'),
('DM8384','TR853','','MN008','',2,32000,'',NULL,'','pending'),
('DM8394','TR854','','MN006','',1,14000,'',NULL,'','pending'),
('DM8405','TR883','','MN002','',1,12000,'',NULL,'','pending'),
('DM8408','TR883','','MN005','',1,14000,'',NULL,'','pending'),
('DM84110','TR903','','MN008','',1,16000,'',NULL,'','pending'),
('DM842','TR360','','MN008','',1,16000,'',NULL,'','pending'),
('DM8424','TR908','','MN010','',2,36000,'',NULL,'','pending'),
('DM8425','TR908','','MN013','',2,32000,'',NULL,'','pending'),
('DM84310','TR983','','MN012','',1,14000,'',NULL,'','pending'),
('DM8445','TR998','','MN006','',1,14000,'',NULL,'','pending'),
('DM8446','TR998','','MN013','',1,16000,'',NULL,'','pending'),
('DM8453','TR006','','MN014','',2,24000,'',NULL,'','pending'),
('DM84610','TR028','','MN004','',1,8000,'',NULL,'','pending'),
('DM8462','TR028','','MN012','',1,14000,'',NULL,'','pending'),
('DM8471','TR037','','MN013','',2,32000,'',NULL,'','pending'),
('DM8482','TR050','','MN003','',1,8000,'',NULL,'','pending'),
('DM8489','TR050','','MN002','',1,12000,'',NULL,'','pending'),
('DM849','TR360','','MN003','',1,8000,'',NULL,'','pending'),
('DM8493','TR064','','MN012','',2,28000,'',NULL,'','pending'),
('DM8502','TR088','','MN008','',2,32000,'',NULL,'','pending'),
('DM8503','TR088','','MN014','',2,24000,'',NULL,'','pending'),
('DM8510','TR409','','MN012','',2,28000,'',NULL,'','pending'),
('DM8511','TR1029','','MN005','',1,14000,'',NULL,'','pending'),
('DM8522','TR1050','','MN001','',2,10000,'',NULL,'','pending'),
('DM8523','TR1050','','MN002','',2,24000,'',NULL,'','pending'),
('DM8533','TR122','','MN010','',2,36000,'',NULL,'','pending'),
('DM8542','TR124','','MN013','',1,16000,'',NULL,'','pending'),
('DM8549','TR124','','MN008','',1,16000,'',NULL,'','pending'),
('DM85510','TR163','','MN001','',2,10000,'',NULL,'','pending'),
('DM8564','TR192','','MN011','',2,30000,'',NULL,'','pending'),
('DM8566','TR192','','MN014','',2,24000,'',NULL,'','pending'),
('DM8574','TR212','','MN003','',1,8000,'',NULL,'','pending'),
('DM8585','TR213','','MN009','',2,40000,'',NULL,'','pending'),
('DM8588','TR213','','MN003','',2,16000,'',NULL,'','pending'),
('DM8596','TR224','','MN013','',1,16000,'',NULL,'','pending'),
('DM8604','TR227','','MN012','',1,14000,'',NULL,'','pending'),
('DM8609','TR227','','MN005','',1,14000,'',NULL,'','pending'),
('DM86110','TR228','','MN010','',1,18000,'',NULL,'','pending'),
('DM8622','TR244','','MN014','',2,24000,'',NULL,'','pending'),
('DM8625','TR244','','MN001','',2,10000,'',NULL,'','pending'),
('DM8635','TR288','','MN008','',1,16000,'',NULL,'','pending'),
('DM8642','TR307','','MN002','',1,12000,'',NULL,'','pending'),
('DM8648','TR307','','MN006','',1,14000,'',NULL,'','pending'),
('DM8653','TR309','','MN004','',1,8000,'',NULL,'','pending'),
('DM8662','TR312','','MN005','',1,14000,'',NULL,'','pending'),
('DM8668','TR312','','MN009','',1,20000,'',NULL,'','pending'),
('DM8674','TR318','','MN014','',1,12000,'',NULL,'','pending'),
('DM868','TR410','','MN014','',2,24000,'',NULL,'','pending'),
('DM8681','TR324','','MN006','',2,28000,'',NULL,'','pending'),
('DM8689','TR324','','MN013','',2,32000,'',NULL,'','pending'),
('DM869','TR410','','MN001','',2,10000,'',NULL,'','pending'),
('DM8695','TR371','','MN011','',2,30000,'',NULL,'','pending'),
('DM87','TR1060','','MN006','',2,28000,'',NULL,'','pending'),
('DM87010','TR373','','MN006','',1,14000,'',NULL,'','pending'),
('DM8704','TR373','','MN011','',1,15000,'',NULL,'','pending'),
('DM8719','TR386','','MN014','',2,24000,'',NULL,'','pending'),
('DM87210','TR401','','MN013','',2,32000,'',NULL,'','pending'),
('DM8728','TR401','','MN007','',2,26000,'',NULL,'','pending'),
('DM873','TR418','','MN004','',1,8000,'',NULL,'','pending'),
('DM8738','TR416','','MN003','',1,8000,'',NULL,'','pending'),
('DM8746','TR436','','MN002','',1,12000,'',NULL,'','pending'),
('DM8749','TR436','','MN005','',1,14000,'',NULL,'','pending'),
('DM8753','TR443','','MN010','',1,18000,'',NULL,'','pending'),
('DM8764','TR459','','MN014','',2,24000,'',NULL,'','pending'),
('DM8765','TR459','','MN003','',2,16000,'',NULL,'','pending'),
('DM8779','TR515','','MN008','',1,16000,'',NULL,'','pending'),
('DM8784','TR538','','MN006','',1,14000,'',NULL,'','pending'),
('DM8787','TR538','','MN005','',1,14000,'',NULL,'','pending'),
('DM8798','TR581','','MN004','',2,16000,'',NULL,'','pending'),
('DM88010','TR583','','MN004','',2,16000,'',NULL,'','pending'),
('DM8808','TR583','','MN010','',2,36000,'',NULL,'','pending'),
('DM8813','TR599','','MN001','',2,10000,'',NULL,'','pending'),
('DM8826','TR607','','MN014','',1,12000,'',NULL,'','pending'),
('DM8828','TR607','','MN003','',1,8000,'',NULL,'','pending'),
('DM8834','TR612','','MN003','',1,8000,'',NULL,'','pending'),
('DM88410','TR636','','MN007','',2,26000,'',NULL,'','pending'),
('DM8846','TR636','','MN012','',2,28000,'',NULL,'','pending'),
('DM8854','TR644','','MN007','',2,26000,'',NULL,'','pending'),
('DM886','TR434','','MN004','',1,8000,'',NULL,'','pending'),
('DM8862','TR696','','MN005','',1,14000,'',NULL,'','pending'),
('DM8867','TR696','','MN010','',1,18000,'',NULL,'','pending'),
('DM88710','TR698','','MN013','',2,32000,'',NULL,'','pending'),
('DM8883','TR710','','MN005','',2,28000,'',NULL,'','pending'),
('DM8889','TR710','','MN014','',2,24000,'',NULL,'','pending'),
('DM889','TR434','','MN005','',1,14000,'',NULL,'','pending'),
('DM8891','TR729','','MN009','',2,40000,'',NULL,'','pending'),
('DM8907','TR746','','MN012','',2,28000,'',NULL,'','pending'),
('DM8908','TR746','','MN008','',2,32000,'',NULL,'','pending'),
('DM8918','TR769','','MN013','',2,32000,'',NULL,'','pending'),
('DM892','TR439','','MN005','',2,28000,'',NULL,'','pending'),
('DM8922','TR781','','MN006','',1,14000,'',NULL,'','pending'),
('DM8928','TR781','','MN001','',1,5000,'',NULL,'','pending'),
('DM8934','TR799','','MN007','',1,13000,'',NULL,'','pending'),
('DM8948','TR844','','MN010','',2,36000,'',NULL,'','pending'),
('DM8949','TR844','','MN007','',2,26000,'',NULL,'','pending'),
('DM8953','TR912','','MN012','',2,28000,'',NULL,'','pending'),
('DM8962','TR914','','MN014','',1,12000,'',NULL,'','pending'),
('DM8964','TR914','','MN005','',1,14000,'',NULL,'','pending'),
('DM8977','TR945','','MN002','',2,24000,'',NULL,'','pending'),
('DM8981','TR947','','MN003','',1,8000,'',NULL,'','pending'),
('DM8984','TR947','','MN004','',1,8000,'',NULL,'','pending'),
('DM8995','TR954','','MN005','',2,28000,'',NULL,'','pending'),
('DM9002','TR973','','MN002','',1,12000,'',NULL,'','pending'),
('DM9005','TR973','','MN014','',1,12000,'',NULL,'','pending'),
('DM901','TR499','','MN012','',1,14000,'',NULL,'','pending'),
('DM9014','TR979','','MN009','',2,40000,'',NULL,'','pending'),
('DM9025','TR980','','MN001','',1,5000,'',NULL,'','pending'),
('DM9029','TR980','','MN004','',1,8000,'',NULL,'','pending'),
('DM9038','TR002','','MN011','',1,15000,'',NULL,'','pending'),
('DM9047','TR014','','MN009','',2,40000,'',NULL,'','pending'),
('DM9048','TR014','','MN008','',2,32000,'',NULL,'','pending'),
('DM905','TR499','','MN004','',1,8000,'',NULL,'','pending'),
('DM9052','TR063','','MN004','',2,16000,'',NULL,'','pending'),
('DM9067','TR078','','MN001','',2,10000,'',NULL,'','pending'),
('DM9068','TR078','','MN008','',2,32000,'',NULL,'','pending'),
('DM9073','TR1005','','MN006','',1,14000,'',NULL,'','pending'),
('DM90872','TR1020','','MN004','',2,16000,'',NULL,'','pending'),
('DM9093','TR1023','','MN003','',2,16000,'',NULL,'','pending'),
('DM9101','TR1052','','MN012','',1,14000,'',NULL,'','pending'),
('DM9109','TR1052','','MN004','',1,8000,'',NULL,'','pending'),
('DM9112','TR1064','','MN002','',1,12000,'',NULL,'','pending'),
('DM9122','TR1075','','MN008','',1,16000,'',NULL,'','pending'),
('DM9127','TR1075','','MN005','',1,14000,'',NULL,'','pending'),
('DM9139','TR150','','MN006','',2,28000,'',NULL,'','pending'),
('DM9143','TR175','','MN013','',1,16000,'',NULL,'','pending'),
('DM9147','TR175','','MN009','',1,20000,'',NULL,'','pending'),
('DM9154','TR199','','MN005','',1,14000,'',NULL,'','pending'),
('DM91662','TR245','','MN014','',2,24000,'',NULL,'','pending'),
('DM9179','TR252','','MN003','',1,8000,'',NULL,'','pending'),
('DM918','TR529','','MN004','',1,8000,'',NULL,'','pending'),
('DM91835','TR311','','MN003','',2,16000,'',NULL,'','pending'),
('DM9192','TR327','','MN010','',1,18000,'',NULL,'','pending'),
('DM92','TR1067','','MN006','',2,28000,'',NULL,'','pending'),
('DM92010','TR329','','MN013','',1,16000,'',NULL,'','pending'),
('DM9205','TR329','','MN002','',1,12000,'',NULL,'','pending'),
('DM9214','TR453','','MN012','',2,28000,'',NULL,'','pending'),
('DM9221','TR481','','MN011','',1,15000,'',NULL,'','pending'),
('DM9228','TR481','','MN009','',1,20000,'',NULL,'','pending'),
('DM923','TR533','','MN009','',1,20000,'',NULL,'','pending'),
('DM9235','TR489','','MN006','',1,14000,'',NULL,'','pending'),
('DM9244','TR495','','MN002','',2,24000,'',NULL,'','pending'),
('DM9249','TR495','','MN010','',2,36000,'',NULL,'','pending'),
('DM925','TR533','','MN001','',1,5000,'',NULL,'','pending'),
('DM9254','TR503','','MN003','',1,8000,'',NULL,'','pending'),
('DM9262','TR570','','MN003','',2,16000,'',NULL,'','pending'),
('DM9266','TR570','','MN007','',2,26000,'',NULL,'','pending'),
('DM9273','TR591','','MN014','',1,12000,'',NULL,'','pending'),
('DM9282','TR629','','MN008','',1,16000,'',NULL,'','pending'),
('DM9286','TR629','','MN011','',1,15000,'',NULL,'','pending'),
('DM92910','TR664','','MN014','',2,24000,'',NULL,'','pending'),
('DM9303','TR670','','MN004','',2,16000,'',NULL,'','pending'),
('DM9306','TR670','','MN012','',2,28000,'',NULL,'','pending'),
('DM9314','TR684','','MN006','',1,14000,'',NULL,'','pending'),
('DM9326','TR717','','MN008','',1,16000,'',NULL,'','pending'),
('DM9329','TR717','','MN013','',1,16000,'',NULL,'','pending'),
('DM9336','TR761','','MN014','',2,24000,'',NULL,'','pending'),
('DM9342','TR774','','MN011','',2,30000,'',NULL,'','pending'),
('DM9345','TR774','','MN012','',2,28000,'',NULL,'','pending'),
('DM9353','TR775','','MN004','',2,16000,'',NULL,'','pending'),
('DM93610','TR784','','MN004','',1,8000,'',NULL,'','pending'),
('DM9368','TR784','','MN006','',1,14000,'',NULL,'','pending'),
('DM937','TR554','','MN001','',2,10000,'',NULL,'','pending'),
('DM9374','TR813','','MN013','',2,32000,'',NULL,'','pending'),
('DM9381','TR814','','MN001','',1,5000,'',NULL,'','pending'),
('DM9387','TR814','','MN004','',1,8000,'',NULL,'','pending'),
('DM9394','TR836','','MN004','',1,8000,'',NULL,'','pending'),
('DM94061','TR839','','MN005','',1,14000,'',NULL,'','pending'),
('DM9416','TR849','','MN013','',1,16000,'',NULL,'','pending'),
('DM9426','TR881','','MN004','',1,8000,'',NULL,'','pending'),
('DM9428','TR881','','MN006','',1,14000,'',NULL,'','pending'),
('DM9435','TR890','','MN014','',1,12000,'',NULL,'','pending'),
('DM9442','TR899','','MN012','',1,14000,'',NULL,'','pending'),
('DM9443','TR899','','MN003','',1,8000,'',NULL,'','pending'),
('DM9457','TR921','','MN009','',2,40000,'',NULL,'','pending'),
('DM946','TR586','','MN011','',1,15000,'',NULL,'','pending'),
('DM9462','TR959','','MN004','',1,8000,'',NULL,'','pending'),
('DM9467','TR959','','MN005','',1,14000,'',NULL,'','pending'),
('DM9479','TR961','','MN014','',2,24000,'',NULL,'','pending'),
('DM9487','TR968','','MN006','',1,14000,'',NULL,'','pending'),
('DM9488','TR968','','MN009','',1,20000,'',NULL,'','pending'),
('DM949','TR586','','MN007','',1,13000,'',NULL,'','pending'),
('DM9498','TR978','','MN001','',2,10000,'',NULL,'','pending'),
('DM95095','TR981','','MN005','',1,14000,'',NULL,'','pending'),
('DM9516','TR007','','MN005','',2,28000,'',NULL,'','pending'),
('DM95210','TR008','','MN012','',1,14000,'',NULL,'','pending'),
('DM9525','TR008','','MN009','',1,20000,'',NULL,'','pending'),
('DM9539','TR027','','MN012','',1,14000,'',NULL,'','pending'),
('DM9547','TR069','','MN013','',1,16000,'',NULL,'','pending'),
('DM9549','TR069','','MN014','',1,12000,'',NULL,'','pending'),
('DM95510','TR081','','MN009','',1,20000,'',NULL,'','pending'),
('DM9566','TR1027','','MN007','',1,13000,'',NULL,'','pending'),
('DM9569','TR1027','','MN010','',1,18000,'',NULL,'','pending'),
('DM9578','TR1043','','MN005','',2,28000,'',NULL,'','pending'),
('DM958','TR595','','MN006','',1,14000,'',NULL,'','pending'),
('DM9583','TR1079','','MN004','',1,8000,'',NULL,'','pending'),
('DM9584','TR1079','','MN014','',1,12000,'',NULL,'','pending'),
('DM9594','TR173','','MN001','',1,5000,'',NULL,'','pending'),
('DM9601','TR209','','MN004','',2,16000,'',NULL,'','pending'),
('DM9604','TR209','','MN007','',2,26000,'',NULL,'','pending'),
('DM96110','TR216','','MN007','',1,13000,'',NULL,'','pending'),
('DM9621','TR225','','MN006','',2,28000,'',NULL,'','pending'),
('DM9623','TR225','','MN013','',2,32000,'',NULL,'','pending'),
('DM9639','TR243','','MN004','',2,16000,'',NULL,'','pending'),
('DM9642','TR250','','MN005','',1,14000,'',NULL,'','pending'),
('DM9648','TR250','','MN008','',1,16000,'',NULL,'','pending'),
('DM9657','TR269','','MN010','',1,18000,'',NULL,'','pending'),
('DM9661','TR283','','MN013','',2,32000,'',NULL,'','pending'),
('DM9668','TR283','','MN004','',2,16000,'',NULL,'','pending'),
('DM9679','TR287','','MN013','',1,16000,'',NULL,'','pending'),
('DM9681','TR326','','MN002','',2,24000,'',NULL,'','pending'),
('DM9683','TR639','','MN006','',1,14000,'',NULL,'','pending'),
('DM9689','TR326','','MN011','',2,30000,'',NULL,'','pending'),
('DM9693','TR378','','MN006','',1,14000,'',NULL,'','pending'),
('DM9702','TR387','','MN003','',2,16000,'',NULL,'','pending'),
('DM9705','TR387','','MN004','',2,16000,'',NULL,'','pending'),
('DM9713','TR417','','MN011','',2,30000,'',NULL,'','pending'),
('DM9722','TR423','','MN002','',1,12000,'',NULL,'','pending'),
('DM9726','TR423','','MN003','',1,8000,'',NULL,'','pending'),
('DM9736','TR432','','MN002','',2,24000,'',NULL,'','pending'),
('DM974','TR657','','MN012','',1,14000,'',NULL,'','pending'),
('DM97410','TR451','','MN013','',2,32000,'',NULL,'','pending'),
('DM9748','TR451','','MN005','',2,28000,'',NULL,'','pending'),
('DM9754','TR454','','MN007','',2,26000,'',NULL,'','pending'),
('DM9762','TR461','','MN004','',2,16000,'',NULL,'','pending'),
('DM9764','TR461','','MN001','',2,10000,'',NULL,'','pending'),
('DM9771','TR507','','MN010','',2,36000,'',NULL,'','pending'),
('DM9783','TR510','','MN008','',1,16000,'',NULL,'','pending'),
('DM9786','TR510','','MN010','',1,18000,'',NULL,'','pending'),
('DM9794','TR520','','MN004','',2,16000,'',NULL,'','pending'),
('DM9801','TR549','','MN003','',1,8000,'',NULL,'','pending'),
('DM9807','TR549','','MN007','',1,13000,'',NULL,'','pending'),
('DM9819','TR608','','MN010','',1,18000,'',NULL,'','pending'),
('DM9826','TR621','','MN013','',2,32000,'',NULL,'','pending'),
('DM9827','TR621','','MN002','',2,24000,'',NULL,'','pending'),
('DM983','TR678','','MN007','',1,13000,'',NULL,'','pending'),
('DM9831','TR623','','MN013','',1,16000,'',NULL,'','pending'),
('DM9844','TR688','','MN010','',2,36000,'',NULL,'','pending'),
('DM9845','TR688','','MN007','',2,26000,'',NULL,'','pending'),
('DM9857','TR750','','MN009','',1,20000,'',NULL,'','pending'),
('DM9864','TR754','','MN001','',1,5000,'',NULL,'','pending'),
('DM9868','TR754','','MN008','',1,16000,'',NULL,'','pending'),
('DM9872','TR777','','MN013','',2,32000,'',NULL,'','pending'),
('DM98868','TR780','','MN008','',1,16000,'',NULL,'','pending'),
('DM989','TR678','','MN008','',1,16000,'',NULL,'','pending'),
('DM9898','TR804','','MN008','',1,16000,'',NULL,'','pending'),
('DM99010','TR819','','MN009','',1,20000,'',NULL,'','pending'),
('DM9903','TR819','','MN011','',1,15000,'',NULL,'','pending'),
('DM9917','TR823','','MN012','',2,28000,'',NULL,'','pending'),
('DM9923','TR855','','MN001','',2,10000,'',NULL,'','pending'),
('DM9929','TR855','','MN003','',2,16000,'',NULL,'','pending'),
('DM993','TR712','','MN005','',1,14000,'',NULL,'','pending'),
('DM9933','TR889','','MN006','',2,28000,'',NULL,'','pending'),
('DM99410','TR900','','MN010','',2,36000,'',NULL,'','pending'),
('DM99411','TR1082','','MN001','TA1080',1,5000,'','','',''),
('DM99412','TR1083','','MN001','TA1081',1,5000,'','','',''),
('DM99413','TR1084','','MN006','',1,14000,'','','',''),
('DM9948','TR900','','MN011','',2,30000,'',NULL,'','pending'),
('DM9959','TR901','','MN010','',1,18000,'',NULL,'','pending'),
('DM9965','TR919','','MN009','',1,20000,'',NULL,'','pending'),
('DM9968','TR919','','MN004','',1,8000,'',NULL,'','pending'),
('DM9975','TR927','','MN014','',2,24000,'',NULL,'','pending'),
('DM9985','TR941','','MN011','',1,15000,'',NULL,'','pending'),
('DM9986','TR941','','MN013','',1,16000,'',NULL,'','pending'),
('DM9993','TR960','','MN011','',1,15000,'',NULL,'','pending');

/*Table structure for table `tb_kategori` */

DROP TABLE IF EXISTS `tb_kategori`;

CREATE TABLE `tb_kategori` (
  `kd_kategori` varchar(7) NOT NULL,
  `name_kategori` varchar(100) NOT NULL,
  `description` text NOT NULL,
  `photo` varchar(50) NOT NULL,
  PRIMARY KEY (`kd_kategori`)
) ENGINE=InnoDB DEFAULT CHARSET=latin1;

/*Data for the table `tb_kategori` */

insert  into `tb_kategori`(`kd_kategori`,`name_kategori`,`description`,`photo`) values 
('KT001','Leker Asin','Lorem ipsum dolor sit amet, consectetur adipisicing elit, sed do eiusmod\r\ntempor incididunt ut labore et dolore magna aliqua','155434461764.png'),
('KT002','Leker Manis','Lorem ipsum dolor sit amet, consectetur adipisicing elit, sed do eiusmod\r\ntempor incididunt ut labore et dolore magna aliqua','1554344643755.jpg');

/*Table structure for table `tb_meja` */

DROP TABLE IF EXISTS `tb_meja`;

CREATE TABLE `tb_meja` (
  `id` int(11) NOT NULL AUTO_INCREMENT,
  `no_meja` int(3) NOT NULL,
  `user_kd` varchar(7) NOT NULL,
  `status` enum('active','non-active') NOT NULL,
  PRIMARY KEY (`id`)
) ENGINE=InnoDB AUTO_INCREMENT=21 DEFAULT CHARSET=latin1;

/*Data for the table `tb_meja` */

insert  into `tb_meja`(`id`,`no_meja`,`user_kd`,`status`) values 
(1,1,'','non-active'),
(2,2,'US014','active'),
(3,3,'US015','non-active'),
(4,4,'','non-active'),
(5,5,'US015','non-active'),
(6,6,'US017','non-active'),
(7,7,'','non-active'),
(8,8,'US019','non-active'),
(9,9,'US019','non-active'),
(10,10,'US019','non-active'),
(11,11,'US019','non-active'),
(12,12,'','non-active'),
(13,13,'US020','non-active'),
(14,14,'US020','non-active'),
(15,15,'US020','non-active'),
(16,16,'US020','non-active'),
(17,17,'US021','non-active'),
(18,18,'US022','non-active'),
(19,19,'US022','non-active'),
(20,20,'US022','non-active');

/*Table structure for table `tb_menu` */

DROP TABLE IF EXISTS `tb_menu`;

CREATE TABLE `tb_menu` (
  `kd_menu` varchar(7) NOT NULL,
  `name_menu` varchar(50) NOT NULL,
  `kategori_id` varchar(7) NOT NULL,
  `harga` int(11) NOT NULL,
  `description` text NOT NULL,
  `status` enum('tersedia','tidak_tersedia') NOT NULL DEFAULT 'tersedia',
  `photo` varchar(50) NOT NULL,
  PRIMARY KEY (`kd_menu`),
  KEY `kategori_id` (`kategori_id`),
  CONSTRAINT `tb_menu_ibfk_1` FOREIGN KEY (`kategori_id`) REFERENCES `tb_kategori` (`kd_kategori`)
) ENGINE=InnoDB DEFAULT CHARSET=latin1;

/*Data for the table `tb_menu` */

insert  into `tb_menu`(`kd_menu`,`name_menu`,`kategori_id`,`harga`,`description`,`status`,`photo`) values 
('MN001','Leker Cokelat ','KT001',5000,'Leker Manis Rasa Cokelat','tersedia','Leker Cokelat.jpg'),
('MN002','Leker Pisang Keju','KT001',12000,'Leker Manis Rasa Pisang Keju','tersedia','Leker Pisang Keju.jpg'),
('MN003','Leker Silverqueen','KT001',8000,'Leker Manis Rasa Silverqueen','tersedia','Leker Silverqueen.jpg'),
('MN004','Leker Pisang Cokelat','KT001',8000,'Leker Manis Rasa Pisang Cokelat','tersedia','Leker Pisang Cokelat.jpg'),
('MN005','Leker Cream Cheese Jagung','KT001',14000,'Leker Manis Rasa Cream Cheese Jagung','tersedia','Leker Cream Cheese Jagung.jpg'),
('MN006','Leker Nutella Pisang ','KT001',14000,'Leker Manis Rasa Nutella Pisang','tersedia','Leker Nutella Pisang.jpg'),
('MN007','Leker Cream Cheese Cokelat','KT001',13000,'Leker Manis Rasa Cream Cheese Cokelat','tersedia','Leker Cream Cheese Cokelat.jpg'),
('MN008','Leker Greentea Pisang','KT001',16000,'Leker Manis Rasa Greentea Pisang','tersedia','Leker Greentea Pisang.jpg'),
('MN009','Leker Chocomaltine Greentea','KT001',20000,'Leker Manis Rasa Chocomaltine Greentea','tersedia','Leker Chocomaltine Greentea.jpg'),
('MN010','Leker Telur Smoked Beef Keju','KT001',18000,'Leker Asin Rasa Telur Smoked Beef Keju','tersedia','Leker Telur Smoked Beef Keju.jpg'),
('MN011','Leker Telur Kornet','KT001',15000,'Leker Asin Rasa Telur Kornet','tersedia','Leker Telur Kornet.jpg'),
('MN012','Leker Cream Cheese Oreo','KT002',14000,'Leker Manis Rasa Cream Cheese Oreo','tersedia','Leker Cream Cheese Oreo.jpg'),
('MN013','Leker Nutella Keju','KT002',16000,'Leker Manis Rasa Nutella Keju','tersedia','Leker Nutella Keju.jpg'),
('MN014','Leker Milo Jagung','KT002',12000,'Leker Manis Rasa Milo Jagung','tersedia','Leker Milo Jagung.jpg'),
('MN015','support','KT001',375000,'ad','tersedia','1603481166219.jpg');

/*Table structure for table `tb_order` */

DROP TABLE IF EXISTS `tb_order`;

CREATE TABLE `tb_order` (
  `kd_order` varchar(7) NOT NULL,
  `no_meja` int(11) NOT NULL,
  `waktu` timestamp NOT NULL DEFAULT CURRENT_TIMESTAMP,
  `nama_user` varchar(50) NOT NULL,
  `user_kd` varchar(7) DEFAULT NULL,
  `keterangan` text,
  `status_order` enum('selesai_pembayaran','belum_bayar','belum_beli') NOT NULL DEFAULT 'belum_beli',
  `tanggal` date NOT NULL,
  `kd_pelanggan` varchar(20) DEFAULT NULL,
  PRIMARY KEY (`kd_order`),
  KEY `user_kd` (`user_kd`),
  KEY `no_meja` (`no_meja`)
) ENGINE=InnoDB DEFAULT CHARSET=latin1;

/*Data for the table `tb_order` */

insert  into `tb_order`(`kd_order`,`no_meja`,`waktu`,`nama_user`,`user_kd`,`keterangan`,`status_order`,`tanggal`,`kd_pelanggan`) values 
('TR002',18,'2020-01-01 00:00:00','Sari Gemintang',NULL,NULL,'selesai_pembayaran','2020-01-01','CU270'),
('TR003',14,'2020-01-01 00:00:00','Anthony Hapsari',NULL,NULL,'selesai_pembayaran','2020-01-01','CU323'),
('TR004',20,'2020-01-01 00:00:00','Ilham Jatmika',NULL,NULL,'selesai_pembayaran','2020-01-01','CU197'),
('TR005',10,'2020-01-01 00:00:00','Dito Hamdan',NULL,NULL,'selesai_pembayaran','2020-01-01','CU337'),
('TR006',17,'2020-01-02 00:00:00','Sarah Martin',NULL,NULL,'selesai_pembayaran','2020-01-02','CU120'),
('TR007',19,'2020-01-02 00:00:00','Mila Martin',NULL,NULL,'selesai_pembayaran','2020-01-02','CU245'),
('TR008',19,'2020-01-02 00:00:00','Mila Martin',NULL,NULL,'selesai_pembayaran','2020-01-02','CU67'),
('TR009',20,'2020-01-02 00:00:00','Mila Martin',NULL,NULL,'selesai_pembayaran','2020-01-02','CU70'),
('TR010',6,'2020-01-03 00:00:00','Dito Karunia',NULL,NULL,'selesai_pembayaran','2020-01-03','CU220'),
('TR011',14,'2020-01-03 00:00:00','Dito Karunia',NULL,NULL,'selesai_pembayaran','2020-01-03','CU52'),
('TR012',1,'2020-01-03 00:00:00','Dito Karunia',NULL,NULL,'selesai_pembayaran','2020-01-03','CU3'),
('TR013',15,'2020-01-03 00:00:00','Dito Karunia',NULL,NULL,'selesai_pembayaran','2020-01-03','CU87'),
('TR014',18,'2020-01-04 00:00:00','Andre Garini',NULL,NULL,'selesai_pembayaran','2020-01-04','CU111'),
('TR015',14,'2020-01-04 00:00:00','Anthony Ganendra',NULL,NULL,'selesai_pembayaran','2020-01-04','CU328'),
('TR016',5,'2020-01-04 00:00:00','Annisa Gunawan',NULL,NULL,'selesai_pembayaran','2020-01-04','CU226'),
('TR017',14,'2020-01-04 00:00:00','Ika Jatmika',NULL,NULL,'selesai_pembayaran','2020-01-04','CU330'),
('TR018',8,'2020-01-05 00:00:00','Annisa Gusti',NULL,NULL,'selesai_pembayaran','2020-01-05','CU244'),
('TR019',9,'2020-01-05 00:00:00','Maria Gemani',NULL,NULL,'selesai_pembayaran','2020-01-05','CU151'),
('TR020',8,'2020-01-05 00:00:00','Wulandari Ismoyono',NULL,NULL,'selesai_pembayaran','2020-01-05','CU173'),
('TR021',2,'2020-01-05 00:00:00','Fitri Hapsari',NULL,NULL,'selesai_pembayaran','2020-01-05','CU418'),
('TR022',14,'2020-01-06 00:00:00','Dinda Kawindra',NULL,NULL,'selesai_pembayaran','2020-01-06','CU385'),
('TR023',8,'2020-01-06 00:00:00','Dinda Kawindra',NULL,NULL,'selesai_pembayaran','2020-01-06','CU39'),
('TR024',15,'2020-01-06 00:00:00','Fitri Gardara',NULL,NULL,'selesai_pembayaran','2020-01-06','CU278'),
('TR025',3,'2020-01-06 00:00:00','Retno Endang',NULL,NULL,'selesai_pembayaran','2020-01-06','CU424'),
('TR026',2,'2020-01-07 00:00:00','Retno Endang',NULL,NULL,'selesai_pembayaran','2020-01-07','CU43'),
('TR027',19,'2020-01-07 00:00:00','Retno Endang',NULL,NULL,'selesai_pembayaran','2020-01-07','CU8'),
('TR028',17,'2020-01-07 00:00:00','Deni Ginanita',NULL,NULL,'selesai_pembayaran','2020-01-07','CU256'),
('TR029',9,'2020-01-07 00:00:00','Hafid Diajeng',NULL,NULL,'selesai_pembayaran','2020-01-07','CU287'),
('TR030',5,'2020-01-08 00:00:00','Ika Bakti',NULL,NULL,'selesai_pembayaran','2020-01-08','CU142'),
('TR031',10,'2020-01-08 00:00:00','Andre Garini',NULL,NULL,'selesai_pembayaran','2020-01-08','CU111'),
('TR032',16,'2020-01-08 00:00:00','Femi Gantari',NULL,NULL,'selesai_pembayaran','2020-01-08','CU318'),
('TR033',2,'2020-01-08 00:00:00','Femi Gantari',NULL,NULL,'selesai_pembayaran','2020-01-08','CU47'),
('TR034',2,'2020-01-09 00:00:00','Femi Gantari',NULL,NULL,'selesai_pembayaran','2020-01-09','CU29'),
('TR035',20,'2020-01-09 00:00:00','Rizki Jenaka',NULL,NULL,'selesai_pembayaran','2020-01-09','CU125'),
('TR036',2,'2020-01-09 00:00:00','Annisa Garini',NULL,NULL,'selesai_pembayaran','2020-01-09','CU107'),
('TR037',17,'2020-01-09 00:00:00','Tyas Gahyaka',NULL,NULL,'selesai_pembayaran','2020-01-09','CU412'),
('TR038',1,'2020-01-10 00:00:00','Sari Endaru',NULL,NULL,'selesai_pembayaran','2020-01-10','CU355'),
('TR039',5,'2020-01-10 00:00:00','Sari Endaru',NULL,NULL,'selesai_pembayaran','2020-01-10','CU34'),
('TR040',15,'2020-01-10 00:00:00','Tika Danurdara',NULL,NULL,'selesai_pembayaran','2020-01-10','CU439'),
('TR041',3,'2020-01-10 00:00:00','Tika Danurdara',NULL,NULL,'selesai_pembayaran','2020-01-10','CU37'),
('TR042',2,'2020-01-11 00:00:00','Anthony Elok',NULL,NULL,'selesai_pembayaran','2020-01-11','CU253'),
('TR043',8,'2020-01-11 00:00:00','Fajar Ismoyono',NULL,NULL,'selesai_pembayaran','2020-01-11','CU467'),
('TR044',16,'2020-01-11 00:00:00','Fajar Ismoyono',NULL,NULL,'selesai_pembayaran','2020-01-11','CU95'),
('TR045',15,'2020-01-11 00:00:00','Arya Gadhing',NULL,NULL,'selesai_pembayaran','2020-01-11','CU101'),
('TR046',7,'2020-01-12 00:00:00','Arya Gadhing',NULL,NULL,'selesai_pembayaran','2020-01-12','CU54'),
('TR047',6,'2020-01-12 00:00:00','Annisa Endaru',NULL,NULL,'selesai_pembayaran','2020-01-12','CU119'),
('TR048',20,'2020-01-12 00:00:00','Maria Jumanta',NULL,NULL,'selesai_pembayaran','2020-01-12','CU276'),
('TR049',14,'2020-01-12 00:00:00','Andy Gunawan',NULL,NULL,'selesai_pembayaran','2020-01-12','CU167'),
('TR050',17,'2020-01-13 00:00:00','Kusuma Danastri',NULL,NULL,'selesai_pembayaran','2020-01-13','CU185'),
('TR051',13,'2020-01-13 00:00:00','Kusuma Danastri',NULL,NULL,'selesai_pembayaran','2020-01-13','CU9'),
('TR052',4,'2020-01-13 00:00:00','Kusuma Danastri',NULL,NULL,'selesai_pembayaran','2020-01-13','CU3'),
('TR053',3,'2020-01-13 00:00:00','Sari Karunia',NULL,NULL,'selesai_pembayaran','2020-01-13','CU473'),
('TR054',2,'2020-01-14 00:00:00','Arya Jumanta',NULL,NULL,'selesai_pembayaran','2020-01-14','CU454'),
('TR055',7,'2020-01-14 00:00:00','Andy Ismoyono',NULL,NULL,'selesai_pembayaran','2020-01-14','CU360'),
('TR056',12,'2020-01-14 00:00:00','Tyas Ganesh',NULL,NULL,'selesai_pembayaran','2020-01-14','CU258'),
('TR057',16,'2020-01-14 00:00:00','Lia Garini',NULL,NULL,'selesai_pembayaran','2020-01-14','CU146'),
('TR058',6,'2020-01-15 00:00:00','Lia Jamal',NULL,NULL,'selesai_pembayaran','2020-01-15','CU456'),
('TR059',13,'2020-01-15 00:00:00','Wahyu Gemintang',NULL,NULL,'selesai_pembayaran','2020-01-15','CU350'),
('TR060',10,'2020-01-15 00:00:00','Wahyu Gemintang',NULL,NULL,'selesai_pembayaran','2020-01-15','CU36'),
('TR061',20,'2020-01-15 00:00:00','Wahyu Gemintang',NULL,NULL,'selesai_pembayaran','2020-01-15','CU34'),
('TR062',5,'2020-01-16 00:00:00','Andre Gibran',NULL,NULL,'selesai_pembayaran','2020-01-16','CU314'),
('TR063',18,'2020-01-16 00:00:00','Arya Gibran',NULL,NULL,'selesai_pembayaran','2020-01-16','CU162'),
('TR064',17,'2020-01-16 00:00:00','Rizki Gibran',NULL,NULL,'selesai_pembayaran','2020-01-16','CU250'),
('TR065',10,'2020-01-16 00:00:00','Kurniawan Gemintang',NULL,NULL,'selesai_pembayaran','2020-01-16','CU292'),
('TR066',11,'2020-01-17 00:00:00','Dian Jumanta',NULL,NULL,'selesai_pembayaran','2020-01-17','CU295'),
('TR067',1,'2020-01-17 00:00:00','Fajar Ismoyono',NULL,NULL,'selesai_pembayaran','2020-01-17','CU467'),
('TR068',2,'2020-01-17 00:00:00','Tyas Guritno',NULL,NULL,'selesai_pembayaran','2020-01-17','CU222'),
('TR069',19,'2020-01-17 00:00:00','Tyas Guritno',NULL,NULL,'selesai_pembayaran','2020-01-17','CU13'),
('TR070',14,'2020-01-18 00:00:00','Yudi Hapsari',NULL,NULL,'selesai_pembayaran','2020-01-18','CU239'),
('TR071',6,'2020-01-18 00:00:00','Reza Galih',NULL,NULL,'selesai_pembayaran','2020-01-18','CU425'),
('TR072',8,'2020-01-18 00:00:00','Fitri Hamdan',NULL,NULL,'selesai_pembayaran','2020-01-18','CU420'),
('TR073',8,'2020-01-18 00:00:00','Ari Hapsari',NULL,NULL,'selesai_pembayaran','2020-01-18','CU145'),
('TR074',13,'2020-01-19 00:00:00','Andre Isthika',NULL,NULL,'selesai_pembayaran','2020-01-19','CU470'),
('TR075',7,'2020-01-19 00:00:00','Femi Jumanta',NULL,NULL,'selesai_pembayaran','2020-01-19','CU118'),
('TR076',2,'2020-01-19 00:00:00','Femi Jumanta',NULL,NULL,'selesai_pembayaran','2020-01-19','CU12'),
('TR077',6,'2020-01-19 00:00:00','Maya Ganesh',NULL,NULL,'selesai_pembayaran','2020-01-19','CU152'),
('TR078',18,'2020-01-20 00:00:00','Maria Jumanta',NULL,NULL,'selesai_pembayaran','2020-01-20','CU276'),
('TR079',1,'2020-01-20 00:00:00','Rini Endaru',NULL,NULL,'selesai_pembayaran','2020-01-20','CU364'),
('TR080',7,'2020-01-20 00:00:00','Kartika Bakti',NULL,NULL,'selesai_pembayaran','2020-01-20','CU435'),
('TR081',19,'2020-01-20 00:00:00','Femi Isthika',NULL,NULL,'selesai_pembayaran','2020-01-20','CU488'),
('TR082',16,'2020-01-21 00:00:00','Aulia Bakti',NULL,NULL,'selesai_pembayaran','2020-01-21','CU354'),
('TR083',20,'2020-01-21 00:00:00','Anthony Bagaskoro',NULL,NULL,'selesai_pembayaran','2020-01-21','CU325'),
('TR084',20,'2020-01-21 00:00:00','Kusuma Jumanta',NULL,NULL,'selesai_pembayaran','2020-01-21','CU492'),
('TR085',7,'2020-01-21 00:00:00','Fitri Hapsari',NULL,NULL,'selesai_pembayaran','2020-01-21','CU419'),
('TR086',7,'2020-01-22 00:00:00','Fitri Hapsari',NULL,NULL,'selesai_pembayaran','2020-01-22','CU25'),
('TR087',1,'2020-01-22 00:00:00','Bayu Gunawan',NULL,NULL,'selesai_pembayaran','2020-01-22','CU196'),
('TR088',17,'2020-01-22 00:00:00','Fajar Dharma',NULL,NULL,'selesai_pembayaran','2020-01-22','CU490'),
('TR089',20,'2020-01-22 00:00:00','Fajar Dharma',NULL,NULL,'selesai_pembayaran','2020-01-22','CU38'),
('TR090',6,'2020-01-23 00:00:00','Desi Jaya',NULL,NULL,'selesai_pembayaran','2020-01-23','CU317'),
('TR091',1,'2020-01-23 00:00:00','Andi Ganendra',NULL,NULL,'selesai_pembayaran','2020-01-23','CU181'),
('TR092',13,'2020-01-23 00:00:00','Andi Ganendra',NULL,NULL,'selesai_pembayaran','2020-01-23','CU77'),
('TR093',8,'2020-01-23 00:00:00','Ilham Kresna',NULL,NULL,'selesai_pembayaran','2020-01-23','CU324'),
('TR094',10,'2020-01-24 00:00:00','Yudi Intan',NULL,NULL,'selesai_pembayaran','2020-01-24','CU460'),
('TR095',16,'2020-01-24 00:00:00','Sri Kresna',NULL,NULL,'selesai_pembayaran','2020-01-24','CU322'),
('TR096',9,'2020-01-24 00:00:00','Andy Danastri',NULL,NULL,'selesai_pembayaran','2020-01-24','CU478'),
('TR097',8,'2020-01-24 00:00:00','Wulandari Ganendra',NULL,NULL,'selesai_pembayaran','2020-01-24','CU170'),
('TR098',5,'2020-01-25 00:00:00','Kartika Bakti',NULL,NULL,'selesai_pembayaran','2020-01-25','CU435'),
('TR099',14,'2020-01-25 00:00:00','Sri Jumanta',NULL,NULL,'selesai_pembayaran','2020-01-25','CU233'),
('TR100',1,'2020-01-25 00:00:00','Sri Jumanta',NULL,NULL,'selesai_pembayaran','2020-01-25','CU10'),
('TR1000',7,'2020-09-10 00:00:00','Hafid Ganendra',NULL,NULL,'selesai_pembayaran','2020-09-10','CU267'),
('TR1001',2,'2020-09-10 00:00:00','Hafid Ganendra',NULL,NULL,'selesai_pembayaran','2020-09-10','CU5'),
('TR1002',13,'2020-09-11 00:00:00','Fajar Gemani',NULL,NULL,'selesai_pembayaran','2020-09-11','CU189'),
('TR1003',10,'2020-09-11 00:00:00','Fajar Gemani',NULL,NULL,'selesai_pembayaran','2020-09-11','CU44'),
('TR1004',15,'2020-09-11 00:00:00','Lia Hamdan',NULL,NULL,'selesai_pembayaran','2020-09-11','CU121'),
('TR1005',18,'2020-09-11 00:00:00','Ajie Kawindra',NULL,NULL,'selesai_pembayaran','2020-09-11','CU401'),
('TR1006',14,'2020-09-12 00:00:00','Ajie Kawindra',NULL,NULL,'selesai_pembayaran','2020-09-12','CU34'),
('TR1007',8,'2020-09-12 00:00:00','Ajie Kawindra',NULL,NULL,'selesai_pembayaran','2020-09-12','CU34'),
('TR1008',4,'2020-09-12 00:00:00','Anthony Ganendra',NULL,NULL,'selesai_pembayaran','2020-09-12','CU328'),
('TR1009',16,'2020-09-12 00:00:00','Desi Jenggala',NULL,NULL,'selesai_pembayaran','2020-09-12','CU428'),
('TR101',16,'2020-01-25 00:00:00','Sri Jumanta',NULL,NULL,'selesai_pembayaran','2020-01-25','CU91'),
('TR1010',8,'2020-09-13 00:00:00','Sri Hakim',NULL,NULL,'selesai_pembayaran','2020-09-13','CU174'),
('TR1011',8,'2020-09-13 00:00:00','Fitri Hakim',NULL,NULL,'selesai_pembayaran','2020-09-13','CU452'),
('TR1012',4,'2020-09-13 00:00:00','Fitri Hakim',NULL,NULL,'selesai_pembayaran','2020-09-13','CU23'),
('TR1013',3,'2020-09-13 00:00:00','Rini Endaru',NULL,NULL,'selesai_pembayaran','2020-09-13','CU364'),
('TR1014',15,'2020-09-14 00:00:00','Hafid Jamal',NULL,NULL,'selesai_pembayaran','2020-09-14','CU208'),
('TR1015',11,'2020-09-14 00:00:00','Andy Gunawan',NULL,NULL,'selesai_pembayaran','2020-09-14','CU167'),
('TR1016',10,'2020-09-14 00:00:00','Indra Guritno',NULL,NULL,'selesai_pembayaran','2020-09-14','CU305'),
('TR1017',8,'2020-09-14 00:00:00','Lestari Hakim',NULL,NULL,'selesai_pembayaran','2020-09-14','CU283'),
('TR1018',4,'2020-09-15 00:00:00','Tyas Jamal',NULL,NULL,'selesai_pembayaran','2020-09-15','CU136'),
('TR1019',15,'2020-09-15 00:00:00','Tyas Jamal',NULL,NULL,'selesai_pembayaran','2020-09-15','CU22'),
('TR102',20,'2020-01-26 00:00:00','Sri Kresna',NULL,NULL,'selesai_pembayaran','2020-01-26','CU128'),
('TR1020',18,'2020-09-15 00:00:00','Utami Gardara',NULL,NULL,'selesai_pembayaran','2020-09-15','CU201'),
('TR1021',11,'2020-09-15 00:00:00','Lia Hamdan',NULL,NULL,'selesai_pembayaran','2020-09-15','CU121'),
('TR1022',3,'2020-09-16 00:00:00','Deni Hapsari',NULL,NULL,'selesai_pembayaran','2020-09-16','CU475'),
('TR1023',18,'2020-09-16 00:00:00','Annisa Estiana',NULL,NULL,'selesai_pembayaran','2020-09-16','CU429'),
('TR1024',3,'2020-09-16 00:00:00','Hadi Gardara',NULL,NULL,'selesai_pembayaran','2020-09-16','CU371'),
('TR1025',11,'2020-09-16 00:00:00','Nurul Kamajaya',NULL,NULL,'selesai_pembayaran','2020-09-16','CU191'),
('TR1026',6,'2020-09-17 00:00:00','Maya Gusti',NULL,NULL,'selesai_pembayaran','2020-09-17','CU289'),
('TR1027',19,'2020-09-17 00:00:00','Deni Endaru',NULL,NULL,'selesai_pembayaran','2020-09-17','CU269'),
('TR1028',7,'2020-09-17 00:00:00','Deni Endaru',NULL,NULL,'selesai_pembayaran','2020-09-17','CU11'),
('TR1029',17,'2020-09-17 00:00:00','Wulandari Isthika',NULL,NULL,'selesai_pembayaran','2020-09-17','CU280'),
('TR103',2,'2020-01-26 00:00:00','Ika Gahyaka',NULL,NULL,'selesai_pembayaran','2020-01-26','CU109'),
('TR1030',15,'2020-09-18 00:00:00','Tyas Gemani',NULL,NULL,'selesai_pembayaran','2020-09-18','CU219'),
('TR1031',4,'2020-09-18 00:00:00','Maria Gemani',NULL,NULL,'selesai_pembayaran','2020-09-18','CU132'),
('TR1032',16,'2020-09-18 00:00:00','Maria Gemani',NULL,NULL,'selesai_pembayaran','2020-09-18','CU31'),
('TR1033',12,'2020-09-18 00:00:00','Maria Estiana',NULL,NULL,'selesai_pembayaran','2020-09-18','CU398'),
('TR1034',20,'2020-09-19 00:00:00','Femi Dharma',NULL,NULL,'selesai_pembayaran','2020-09-19','CU273'),
('TR1035',3,'2020-09-19 00:00:00','Arya Gadhing',NULL,NULL,'selesai_pembayaran','2020-09-19','CU101'),
('TR1036',6,'2020-09-19 00:00:00','Nurul Gempita',NULL,NULL,'selesai_pembayaran','2020-09-19','CU457'),
('TR1037',20,'2020-09-19 00:00:00','Maria Jumanta',NULL,NULL,'selesai_pembayaran','2020-09-19','CU276'),
('TR1038',7,'2020-09-20 00:00:00','Anthony Hanafi',NULL,NULL,'selesai_pembayaran','2020-09-20','CU129'),
('TR1039',11,'2020-09-20 00:00:00','Hafid Guinandra',NULL,NULL,'selesai_pembayaran','2020-09-20','CU455'),
('TR104',16,'2020-01-26 00:00:00','Sari Ganendra',NULL,NULL,'selesai_pembayaran','2020-01-26','CU407'),
('TR1040',6,'2020-09-20 00:00:00','Fajar Dharma',NULL,NULL,'selesai_pembayaran','2020-09-20','CU490'),
('TR1041',5,'2020-09-20 00:00:00','Sarah Estiana',NULL,NULL,'selesai_pembayaran','2020-09-20','CU205'),
('TR1042',3,'2020-09-21 00:00:00','Eko Ihsan',NULL,NULL,'selesai_pembayaran','2020-09-21','CU483'),
('TR1043',19,'2020-09-21 00:00:00','Ilham Kresna',NULL,NULL,'selesai_pembayaran','2020-09-21','CU324'),
('TR1044',8,'2020-09-21 00:00:00','Ari Hanafi',NULL,NULL,'selesai_pembayaran','2020-09-21','CU313'),
('TR1045',2,'2020-09-21 00:00:00','Ari Hanafi',NULL,NULL,'selesai_pembayaran','2020-09-21','CU22'),
('TR1046',16,'2020-09-22 00:00:00','Ari Hanafi',NULL,NULL,'selesai_pembayaran','2020-09-22','CU97'),
('TR1047',3,'2020-09-22 00:00:00','Lestari Jaya',NULL,NULL,'selesai_pembayaran','2020-09-22','CU143'),
('TR1048',3,'2020-09-22 00:00:00','Lia Jaya',NULL,NULL,'selesai_pembayaran','2020-09-22','CU344'),
('TR1049',1,'2020-09-22 00:00:00','Eko Gayatri',NULL,NULL,'selesai_pembayaran','2020-09-22','CU237'),
('TR105',2,'2020-01-26 00:00:00','Annisa Gusti',NULL,NULL,'selesai_pembayaran','2020-01-26','CU244'),
('TR1050',17,'2020-09-23 00:00:00','Lestari Karunia',NULL,NULL,'selesai_pembayaran','2020-09-23','CU397'),
('TR1051',10,'2020-09-23 00:00:00','Ajie Kawindra',NULL,NULL,'selesai_pembayaran','2020-09-23','CU401'),
('TR1052',18,'2020-09-23 00:00:00','Ajie Kawindra',NULL,NULL,'selesai_pembayaran','2020-09-23','CU39'),
('TR1053',13,'2020-09-23 00:00:00','Maria Gemani',NULL,NULL,'selesai_pembayaran','2020-09-23','CU132'),
('TR1054',13,'2020-09-24 00:00:00','Lestari Guinandra',NULL,NULL,'selesai_pembayaran','2020-09-24','CU149'),
('TR1055',10,'2020-09-24 00:00:00','Reza Hakim',NULL,NULL,'selesai_pembayaran','2020-09-24','CU138'),
('TR1056',6,'2020-09-24 00:00:00','Sari Gemintang',NULL,NULL,'selesai_pembayaran','2020-09-24','CU270'),
('TR1057',20,'2020-09-24 00:00:00','Bayu Diajeng',NULL,NULL,'selesai_pembayaran','2020-09-24','CU381'),
('TR1058',4,'2020-09-25 00:00:00','Ika Kawindra',NULL,NULL,'selesai_pembayaran','2020-09-25','CU312'),
('TR1059',10,'2020-09-25 00:00:00','Wulandari Karunia',NULL,NULL,'selesai_pembayaran','2020-09-25','CU498'),
('TR106',10,'2020-01-27 00:00:00','Lia Hapsari',NULL,NULL,'selesai_pembayaran','2020-01-27','CU471'),
('TR1060',1,'2020-09-25 00:00:00','Bayu Diajeng',NULL,NULL,'selesai_pembayaran','2020-09-25','CU140'),
('TR1061',15,'2020-09-25 00:00:00','Kusuma Danastri',NULL,NULL,'selesai_pembayaran','2020-09-25','CU185'),
('TR1062',6,'2020-09-26 00:00:00','Yudi Ginanita',NULL,NULL,'selesai_pembayaran','2020-09-26','CU242'),
('TR1063',10,'2020-09-26 00:00:00','Aulia Ihsan',NULL,NULL,'selesai_pembayaran','2020-09-26','CU427'),
('TR1064',18,'2020-09-26 00:00:00','Rizki Halim',NULL,NULL,'selesai_pembayaran','2020-09-26','CU436'),
('TR1065',13,'2020-09-26 00:00:00','Eko Gunawan',NULL,NULL,'selesai_pembayaran','2020-09-26','CU433'),
('TR1066',3,'2020-09-27 00:00:00','Desi Karunia',NULL,NULL,'selesai_pembayaran','2020-09-27','CU308'),
('TR1067',1,'2020-09-27 00:00:00','Indra Gunawan',NULL,NULL,'selesai_pembayaran','2020-09-27','CU449'),
('TR1068',9,'2020-09-27 00:00:00','Tyas Ganesh',NULL,NULL,'selesai_pembayaran','2020-09-27','CU258'),
('TR1069',3,'2020-09-27 00:00:00','Siti Ihsan',NULL,NULL,'selesai_pembayaran','2020-09-27','CU347'),
('TR107',3,'2020-01-27 00:00:00','Lia Jenaka',NULL,NULL,'selesai_pembayaran','2020-01-27','CU251'),
('TR1070',7,'2020-09-28 00:00:00','Reza Handaru',NULL,NULL,'selesai_pembayaran','2020-09-28','CU268'),
('TR1071',15,'2020-09-28 00:00:00','Kusuma Martin',NULL,NULL,'selesai_pembayaran','2020-09-28','CU466'),
('TR1072',5,'2020-09-28 00:00:00','Fitri Galih',NULL,NULL,'selesai_pembayaran','2020-09-28','CU442'),
('TR1073',6,'2020-09-28 00:00:00','Lestari Ihsan',NULL,NULL,'selesai_pembayaran','2020-09-28','CU188'),
('TR1074',5,'2020-09-29 00:00:00','Reza Ganesh',NULL,NULL,'selesai_pembayaran','2020-09-29','CU103'),
('TR1075',18,'2020-09-29 00:00:00','Maya Dharma',NULL,NULL,'selesai_pembayaran','2020-09-29','CU255'),
('TR1076',12,'2020-09-29 00:00:00','Fitri Hapsari',NULL,NULL,'selesai_pembayaran','2020-09-29','CU419'),
('TR1077',20,'2020-09-29 00:00:00','Andy Gunawan',NULL,NULL,'selesai_pembayaran','2020-09-29','CU167'),
('TR1078',1,'2020-09-30 00:00:00','Arya Gardara',NULL,NULL,'selesai_pembayaran','2020-09-30','CU390'),
('TR1079',19,'2020-09-30 00:00:00','Andy Hakim',NULL,NULL,'selesai_pembayaran','2020-09-30','CU402'),
('TR108',20,'2020-01-27 00:00:00','Lia Jenaka',NULL,NULL,'selesai_pembayaran','2020-01-27','CU30'),
('TR1080',9,'2020-09-30 00:00:00','Annisa Endaru',NULL,NULL,'selesai_pembayaran','2020-09-30','CU119'),
('TR1081',6,'2020-09-30 00:00:00','Kusuma Gahyaka',NULL,NULL,'selesai_pembayaran','2020-09-30','CU147'),
('TR1082',1,'2020-10-24 03:08:45','test',NULL,'','selesai_pembayaran','2020-10-23',''),
('TR1083',1,'2020-10-24 03:37:55','Yudi Bakti',NULL,'','selesai_pembayaran','2020-10-23','CU001'),
('TR1084',2,'2020-10-27 05:33:14','asd',NULL,'','belum_bayar','2020-10-26',''),
('TR109',4,'2020-01-27 00:00:00','Femi Gusti',NULL,NULL,'selesai_pembayaran','2020-01-27','CU307'),
('TR110',1,'2020-01-28 00:00:00','Femi Gusti',NULL,NULL,'selesai_pembayaran','2020-01-28','CU61'),
('TR111',16,'2020-01-28 00:00:00','Retno Gusti',NULL,NULL,'selesai_pembayaran','2020-01-28','CU387'),
('TR112',14,'2020-01-28 00:00:00','Lia Danastri',NULL,NULL,'selesai_pembayaran','2020-01-28','CU301'),
('TR113',7,'2020-01-28 00:00:00','Wulandari Martin',NULL,NULL,'selesai_pembayaran','2020-01-28','CU227'),
('TR114',2,'2020-01-29 00:00:00','Reza Ganesh',NULL,NULL,'selesai_pembayaran','2020-01-29','CU103'),
('TR115',16,'2020-01-29 00:00:00','Ajie Kawindra',NULL,NULL,'selesai_pembayaran','2020-01-29','CU401'),
('TR116',12,'2020-01-29 00:00:00','Deni Martin',NULL,NULL,'selesai_pembayaran','2020-01-29','CU184'),
('TR117',3,'2020-01-29 00:00:00','Indra Jamal',NULL,NULL,'selesai_pembayaran','2020-01-29','CU386'),
('TR118',8,'2020-01-30 00:00:00','Sarah Erina',NULL,NULL,'selesai_pembayaran','2020-01-30','CU177'),
('TR119',15,'2020-01-30 00:00:00','Lia Handaru',NULL,NULL,'selesai_pembayaran','2020-01-30','CU380'),
('TR120',2,'2020-01-30 00:00:00','Femi Jumanta',NULL,NULL,'selesai_pembayaran','2020-01-30','CU118'),
('TR121',20,'2020-01-30 00:00:00','Femi Gantari',NULL,NULL,'selesai_pembayaran','2020-01-30','CU318'),
('TR122',17,'2020-02-01 00:00:00','Andi Gayatri',NULL,NULL,'selesai_pembayaran','2020-02-01','CU476'),
('TR123',5,'2020-02-01 00:00:00','Lestari Gemani',NULL,NULL,'selesai_pembayaran','2020-02-01','CU176'),
('TR124',17,'2020-02-01 00:00:00','Lestari Gemani',NULL,NULL,'selesai_pembayaran','2020-02-01','CU55'),
('TR125',20,'2020-02-01 00:00:00','Kartika Danurdara',NULL,NULL,'selesai_pembayaran','2020-02-01','CU453'),
('TR126',2,'2020-02-02 00:00:00','Maya Hakim',NULL,NULL,'selesai_pembayaran','2020-02-02','CU104'),
('TR127',13,'2020-02-02 00:00:00','Yudi Gardara',NULL,NULL,'selesai_pembayaran','2020-02-02','CU389'),
('TR128',12,'2020-02-02 00:00:00','Fitri Hakim',NULL,NULL,'selesai_pembayaran','2020-02-02','CU452'),
('TR129',2,'2020-02-02 00:00:00','Fitri Hakim',NULL,NULL,'selesai_pembayaran','2020-02-02','CU82'),
('TR130',13,'2020-02-03 00:00:00','Kurniawan Guritno',NULL,NULL,'selesai_pembayaran','2020-02-03','CU489'),
('TR131',14,'2020-02-03 00:00:00','Kurniawan Guritno',NULL,NULL,'selesai_pembayaran','2020-02-03','CU50'),
('TR132',7,'2020-02-03 00:00:00','Kurniawan Guritno',NULL,NULL,'selesai_pembayaran','2020-02-03','CU35'),
('TR133',5,'2020-02-03 00:00:00','Tyas Guritno',NULL,NULL,'selesai_pembayaran','2020-02-03','CU222'),
('TR134',6,'2020-02-04 00:00:00','Ajie Gusti',NULL,NULL,'selesai_pembayaran','2020-02-04','CU394'),
('TR135',3,'2020-02-04 00:00:00','Kusuma Jumanta',NULL,NULL,'selesai_pembayaran','2020-02-04','CU492'),
('TR136',11,'2020-02-04 00:00:00','Retno Gusti',NULL,NULL,'selesai_pembayaran','2020-02-04','CU285'),
('TR137',7,'2020-02-04 00:00:00','Deni Gardara',NULL,NULL,'selesai_pembayaran','2020-02-04','CU494'),
('TR138',4,'2020-02-05 00:00:00','Andre Gibran',NULL,NULL,'selesai_pembayaran','2020-02-05','CU314'),
('TR139',11,'2020-02-05 00:00:00','Andre Gibran',NULL,NULL,'selesai_pembayaran','2020-02-05','CU6'),
('TR140',7,'2020-02-05 00:00:00','Sarah Galih',NULL,NULL,'selesai_pembayaran','2020-02-05','CU290'),
('TR141',11,'2020-02-05 00:00:00','Kartika Danurdara',NULL,NULL,'selesai_pembayaran','2020-02-05','CU453'),
('TR142',6,'2020-02-06 00:00:00','Fajar Dharma',NULL,NULL,'selesai_pembayaran','2020-02-06','CU490'),
('TR143',10,'2020-02-06 00:00:00','Dinda Bakti',NULL,NULL,'selesai_pembayaran','2020-02-06','CU234'),
('TR144',16,'2020-02-06 00:00:00','Dinda Bakti',NULL,NULL,'selesai_pembayaran','2020-02-06','CU24'),
('TR145',3,'2020-02-06 00:00:00','Tyas Danurdara',NULL,NULL,'selesai_pembayaran','2020-02-06','CU340'),
('TR146',2,'2020-02-07 00:00:00','Eko Gayatri',NULL,NULL,'selesai_pembayaran','2020-02-07','CU237'),
('TR147',5,'2020-02-07 00:00:00','Wahyu Jatmika',NULL,NULL,'selesai_pembayaran','2020-02-07','CU443'),
('TR148',1,'2020-02-07 00:00:00','Maria Jumanta',NULL,NULL,'selesai_pembayaran','2020-02-07','CU276'),
('TR149',9,'2020-02-07 00:00:00','Anthony Elok',NULL,NULL,'selesai_pembayaran','2020-02-07','CU253'),
('TR150',18,'2020-02-08 00:00:00','Femi Gantari',NULL,NULL,'selesai_pembayaran','2020-02-08','CU318'),
('TR151',20,'2020-02-08 00:00:00','Ajie Gunawan',NULL,NULL,'selesai_pembayaran','2020-02-08','CU264'),
('TR152',12,'2020-02-08 00:00:00','Maya Ganesh',NULL,NULL,'selesai_pembayaran','2020-02-08','CU152'),
('TR153',5,'2020-02-08 00:00:00','Hafid Halim',NULL,NULL,'selesai_pembayaran','2020-02-08','CU497'),
('TR154',3,'2020-02-09 00:00:00','Hafid Halim',NULL,NULL,'selesai_pembayaran','2020-02-09','CU80'),
('TR155',2,'2020-02-09 00:00:00','Hafid Halim',NULL,NULL,'selesai_pembayaran','2020-02-09','CU43'),
('TR156',14,'2020-02-09 00:00:00','Hafid Halim',NULL,NULL,'selesai_pembayaran','2020-02-09','CU96'),
('TR157',6,'2020-02-09 00:00:00','Andre Gunawan',NULL,NULL,'selesai_pembayaran','2020-02-09','CU437'),
('TR158',8,'2020-02-10 00:00:00','Desi Jenggala',NULL,NULL,'selesai_pembayaran','2020-02-10','CU428'),
('TR159',16,'2020-02-10 00:00:00','Desi Gardara',NULL,NULL,'selesai_pembayaran','2020-02-10','CU198'),
('TR160',12,'2020-02-10 00:00:00','Lia Diajeng',NULL,NULL,'selesai_pembayaran','2020-02-10','CU399'),
('TR161',3,'2020-02-10 00:00:00','Sarah Galih',NULL,NULL,'selesai_pembayaran','2020-02-10','CU290'),
('TR162',16,'2020-02-11 00:00:00','Tyas Gahyaka',NULL,NULL,'selesai_pembayaran','2020-02-11','CU412'),
('TR163',17,'2020-02-11 00:00:00','Rizki Diajeng',NULL,NULL,'selesai_pembayaran','2020-02-11','CU217'),
('TR164',12,'2020-02-11 00:00:00','Andy Hakim',NULL,NULL,'selesai_pembayaran','2020-02-11','CU402'),
('TR165',3,'2020-02-11 00:00:00','Femi Gempita',NULL,NULL,'selesai_pembayaran','2020-02-11','CU178'),
('TR166',6,'2020-02-12 00:00:00','Hafid Galih',NULL,NULL,'selesai_pembayaran','2020-02-12','CU261'),
('TR167',16,'2020-02-12 00:00:00','Maya Gusti',NULL,NULL,'selesai_pembayaran','2020-02-12','CU356'),
('TR168',14,'2020-02-12 00:00:00','Andy Hakim',NULL,NULL,'selesai_pembayaran','2020-02-12','CU402'),
('TR169',8,'2020-02-12 00:00:00','Aulia Janu',NULL,NULL,'selesai_pembayaran','2020-02-12','CU434'),
('TR170',4,'2020-02-13 00:00:00','Fajar Gempita',NULL,NULL,'selesai_pembayaran','2020-02-13','CU131'),
('TR171',4,'2020-02-13 00:00:00','Fajar Gempita',NULL,NULL,'selesai_pembayaran','2020-02-13','CU76'),
('TR172',20,'2020-02-13 00:00:00','Dinda Gunawan',NULL,NULL,'selesai_pembayaran','2020-02-13','CU257'),
('TR173',19,'2020-02-13 00:00:00','Ilham Martin',NULL,NULL,'selesai_pembayaran','2020-02-13','CU190'),
('TR174',4,'2020-02-14 00:00:00','Maria Kamajaya',NULL,NULL,'selesai_pembayaran','2020-02-14','CU303'),
('TR175',18,'2020-02-14 00:00:00','Maria Kamajaya',NULL,NULL,'selesai_pembayaran','2020-02-14','CU43'),
('TR176',5,'2020-02-14 00:00:00','Maria Kamajaya',NULL,NULL,'selesai_pembayaran','2020-02-14','CU90'),
('TR177',9,'2020-02-14 00:00:00','Andre Gibran',NULL,NULL,'selesai_pembayaran','2020-02-14','CU314'),
('TR178',5,'2020-02-15 00:00:00','Desi Dewangga',NULL,NULL,'selesai_pembayaran','2020-02-15','CU156'),
('TR179',11,'2020-02-15 00:00:00','Hafid Gantari',NULL,NULL,'selesai_pembayaran','2020-02-15','CU126'),
('TR180',5,'2020-02-15 00:00:00','Femi Isthika',NULL,NULL,'selesai_pembayaran','2020-02-15','CU488'),
('TR181',13,'2020-02-15 00:00:00','Dian Endang',NULL,NULL,'selesai_pembayaran','2020-02-15','CU133'),
('TR182',10,'2020-02-16 00:00:00','Anthony Hanafi',NULL,NULL,'selesai_pembayaran','2020-02-16','CU129'),
('TR183',3,'2020-02-16 00:00:00','Rini Martin',NULL,NULL,'selesai_pembayaran','2020-02-16','CU248'),
('TR184',2,'2020-02-16 00:00:00','Rini Martin',NULL,NULL,'selesai_pembayaran','2020-02-16','CU43'),
('TR185',13,'2020-02-16 00:00:00','Rini Martin',NULL,NULL,'selesai_pembayaran','2020-02-16','CU86'),
('TR186',14,'2020-02-17 00:00:00','Annisa Garini',NULL,NULL,'selesai_pembayaran','2020-02-17','CU247'),
('TR187',4,'2020-02-17 00:00:00','Fitri Hapsari',NULL,NULL,'selesai_pembayaran','2020-02-17','CU419'),
('TR188',15,'2020-02-17 00:00:00','Maria Bakti',NULL,NULL,'selesai_pembayaran','2020-02-17','CU231'),
('TR189',20,'2020-02-17 00:00:00','Rio Kresna',NULL,NULL,'selesai_pembayaran','2020-02-17','CU115'),
('TR190',20,'2020-02-18 00:00:00','Rio Kresna',NULL,NULL,'selesai_pembayaran','2020-02-18','CU92'),
('TR191',4,'2020-02-18 00:00:00','Dito Karunia',NULL,NULL,'selesai_pembayaran','2020-02-18','CU220'),
('TR192',17,'2020-02-18 00:00:00','Ilham Gantari',NULL,NULL,'selesai_pembayaran','2020-02-18','CU341'),
('TR193',12,'2020-02-18 00:00:00','Ilham Gantari',NULL,NULL,'selesai_pembayaran','2020-02-18','CU3'),
('TR194',2,'2020-02-19 00:00:00','Kurniawan Guritno',NULL,NULL,'selesai_pembayaran','2020-02-19','CU489'),
('TR195',6,'2020-02-19 00:00:00','Maya Dharma',NULL,NULL,'selesai_pembayaran','2020-02-19','CU255'),
('TR196',12,'2020-02-19 00:00:00','Reza Ihsan',NULL,NULL,'selesai_pembayaran','2020-02-19','CU440'),
('TR197',20,'2020-02-19 00:00:00','Reza Ihsan',NULL,NULL,'selesai_pembayaran','2020-02-19','CU64'),
('TR198',11,'2020-02-20 00:00:00','Andi Ganendra',NULL,NULL,'selesai_pembayaran','2020-02-20','CU243'),
('TR199',18,'2020-02-20 00:00:00','Andi Ganendra',NULL,NULL,'selesai_pembayaran','2020-02-20','CU38'),
('TR200',15,'2020-02-20 00:00:00','Andi Ganendra',NULL,NULL,'selesai_pembayaran','2020-02-20','CU30'),
('TR201',2,'2020-02-20 00:00:00','Wulandari Martin',NULL,NULL,'selesai_pembayaran','2020-02-20','CU227'),
('TR202',2,'2020-02-21 00:00:00','Wulandari Martin',NULL,NULL,'selesai_pembayaran','2020-02-21','CU33'),
('TR203',12,'2020-02-21 00:00:00','Wulandari Martin',NULL,NULL,'selesai_pembayaran','2020-02-21','CU78'),
('TR204',2,'2020-02-21 00:00:00','Femi Gempita',NULL,NULL,'selesai_pembayaran','2020-02-21','CU178'),
('TR205',11,'2020-02-21 00:00:00','Sarah Erina',NULL,NULL,'selesai_pembayaran','2020-02-21','CU177'),
('TR206',20,'2020-02-22 00:00:00','Wulandari Halim',NULL,NULL,'selesai_pembayaran','2020-02-22','CU254'),
('TR207',5,'2020-02-22 00:00:00','Indra Jumanta',NULL,NULL,'selesai_pembayaran','2020-02-22','CU221'),
('TR208',10,'2020-02-22 00:00:00','Siti Ganesh',NULL,NULL,'selesai_pembayaran','2020-02-22','CU417'),
('TR209',19,'2020-02-22 00:00:00','Aulia Janu',NULL,NULL,'selesai_pembayaran','2020-02-22','CU434'),
('TR210',2,'2020-02-23 00:00:00','Tyas Handaru',NULL,NULL,'selesai_pembayaran','2020-02-23','CU484'),
('TR211',11,'2020-02-23 00:00:00','Fitri Gardara',NULL,NULL,'selesai_pembayaran','2020-02-23','CU278'),
('TR212',17,'2020-02-23 00:00:00','Eko Gunawan',NULL,NULL,'selesai_pembayaran','2020-02-23','CU433'),
('TR213',17,'2020-02-23 00:00:00','Desi Gemani',NULL,NULL,'selesai_pembayaran','2020-02-23','CU223'),
('TR214',20,'2020-02-24 00:00:00','Mila Garini',NULL,NULL,'selesai_pembayaran','2020-02-24','CU338'),
('TR215',3,'2020-02-24 00:00:00','Ajie Gardara',NULL,NULL,'selesai_pembayaran','2020-02-24','CU404'),
('TR216',19,'2020-02-24 00:00:00','Arya Martin',NULL,NULL,'selesai_pembayaran','2020-02-24','CU137'),
('TR217',16,'2020-02-24 00:00:00','Fitri Isthika',NULL,NULL,'selesai_pembayaran','2020-02-24','CU463'),
('TR218',4,'2020-02-25 00:00:00','Fitri Isthika',NULL,NULL,'selesai_pembayaran','2020-02-25','CU49'),
('TR219',4,'2020-02-25 00:00:00','Sari Guntur',NULL,NULL,'selesai_pembayaran','2020-02-25','CU266'),
('TR220',12,'2020-02-25 00:00:00','Annisa Garini',NULL,NULL,'selesai_pembayaran','2020-02-25','CU107'),
('TR221',12,'2020-02-25 00:00:00','Femi Handaru',NULL,NULL,'selesai_pembayaran','2020-02-25','CU135'),
('TR222',3,'2020-02-26 00:00:00','Femi Handaru',NULL,NULL,'selesai_pembayaran','2020-02-26','CU94'),
('TR223',6,'2020-02-26 00:00:00','Femi Handaru',NULL,NULL,'selesai_pembayaran','2020-02-26','CU69'),
('TR224',17,'2020-02-26 00:00:00','Retno Jatmika',NULL,NULL,'selesai_pembayaran','2020-02-26','CU461'),
('TR225',19,'2020-02-26 00:00:00','Tyas Jamal',NULL,NULL,'selesai_pembayaran','2020-02-26','CU136'),
('TR226',9,'2020-02-27 00:00:00','Deni Dharma',NULL,NULL,'selesai_pembayaran','2020-02-27','CU423'),
('TR227',17,'2020-02-27 00:00:00','Ari Hanafi',NULL,NULL,'selesai_pembayaran','2020-02-27','CU313'),
('TR228',17,'2020-02-27 00:00:00','Fajar Gempita',NULL,NULL,'selesai_pembayaran','2020-02-27','CU131'),
('TR229',6,'2020-02-27 00:00:00','Maria Jaya',NULL,NULL,'selesai_pembayaran','2020-02-27','CU175'),
('TR230',11,'2020-02-28 00:00:00','Maria Gemani',NULL,NULL,'selesai_pembayaran','2020-02-28','CU132'),
('TR231',15,'2020-02-28 00:00:00','Eko Gunawan',NULL,NULL,'selesai_pembayaran','2020-02-28','CU433'),
('TR232',2,'2020-02-28 00:00:00','Eko Gunawan',NULL,NULL,'selesai_pembayaran','2020-02-28','CU28'),
('TR233',2,'2020-02-28 00:00:00','Maria Gemani',NULL,NULL,'selesai_pembayaran','2020-02-28','CU132'),
('TR234',6,'2020-02-29 00:00:00','Ika Diajeng',NULL,NULL,'selesai_pembayaran','2020-02-29','CU246'),
('TR235',2,'2020-02-29 00:00:00','Rini Janu',NULL,NULL,'selesai_pembayaran','2020-02-29','CU493'),
('TR236',7,'2020-02-29 00:00:00','Maria Gemani',NULL,NULL,'selesai_pembayaran','2020-02-29','CU151'),
('TR237',3,'2020-02-29 00:00:00','Fitri Hapsari',NULL,NULL,'selesai_pembayaran','2020-02-29','CU419'),
('TR238',13,'0000-00-00 00:00:00','Maya Hakim',NULL,NULL,'selesai_pembayaran','0000-00-00','CU104'),
('TR239',4,'0000-00-00 00:00:00','Desi Gardara',NULL,NULL,'selesai_pembayaran','0000-00-00','CU198'),
('TR240',15,'0000-00-00 00:00:00','Andre Estiana',NULL,NULL,'selesai_pembayaran','0000-00-00','CU321'),
('TR241',1,'0000-00-00 00:00:00','Kurniawan Elok',NULL,NULL,'selesai_pembayaran','0000-00-00','CU316'),
('TR242',2,'2020-03-01 00:00:00','Retno Hamdan',NULL,NULL,'selesai_pembayaran','2020-03-01','CU114'),
('TR243',19,'2020-03-01 00:00:00','Kartika Gahyaka',NULL,NULL,'selesai_pembayaran','2020-03-01','CU310'),
('TR244',17,'2020-03-01 00:00:00','Andy Ismoyono',NULL,NULL,'selesai_pembayaran','2020-03-01','CU360'),
('TR245',18,'2020-03-01 00:00:00','Andy Ismoyono',NULL,NULL,'selesai_pembayaran','2020-03-01','CU45'),
('TR246',10,'2020-03-02 00:00:00','Hadi Intan',NULL,NULL,'selesai_pembayaran','2020-03-02','CU116'),
('TR247',11,'2020-03-02 00:00:00','Kurniawan Gemintang',NULL,NULL,'selesai_pembayaran','2020-03-02','CU292'),
('TR248',7,'2020-03-02 00:00:00','Hadi Endaru',NULL,NULL,'selesai_pembayaran','2020-03-02','CU500'),
('TR249',12,'2020-03-02 00:00:00','Retno Estiana',NULL,NULL,'selesai_pembayaran','2020-03-02','CU362'),
('TR250',19,'2020-03-03 00:00:00','Sri Kamajaya',NULL,NULL,'selesai_pembayaran','2020-03-03','CU369'),
('TR251',15,'2020-03-03 00:00:00','Wulandari Halim',NULL,NULL,'selesai_pembayaran','2020-03-03','CU254'),
('TR252',18,'2020-03-03 00:00:00','Hafid Halim',NULL,NULL,'selesai_pembayaran','2020-03-03','CU497'),
('TR253',1,'2020-03-03 00:00:00','Ajie Intan',NULL,NULL,'selesai_pembayaran','2020-03-03','CU161'),
('TR254',16,'2020-03-04 00:00:00','Ajie Intan',NULL,NULL,'selesai_pembayaran','2020-03-04','CU87'),
('TR255',11,'2020-03-04 00:00:00','Bayu Danastri',NULL,NULL,'selesai_pembayaran','2020-03-04','CU187'),
('TR256',1,'2020-03-04 00:00:00','Hafid Galih',NULL,NULL,'selesai_pembayaran','2020-03-04','CU261'),
('TR257',14,'2020-03-04 00:00:00','Sarah Kresna',NULL,NULL,'selesai_pembayaran','2020-03-04','CU272'),
('TR258',5,'2020-03-05 00:00:00','Femi Gantari',NULL,NULL,'selesai_pembayaran','2020-03-05','CU318'),
('TR259',6,'2020-03-05 00:00:00','Femi Gantari',NULL,NULL,'selesai_pembayaran','2020-03-05','CU93'),
('TR260',5,'2020-03-05 00:00:00','Andy Hakim',NULL,NULL,'selesai_pembayaran','2020-03-05','CU402'),
('TR261',8,'2020-03-05 00:00:00','Femi Gardara',NULL,NULL,'selesai_pembayaran','2020-03-05','CU299'),
('TR262',9,'2020-03-06 00:00:00','Femi Gardara',NULL,NULL,'selesai_pembayaran','2020-03-06','CU58'),
('TR263',15,'2020-03-06 00:00:00','Lia Diajeng',NULL,NULL,'selesai_pembayaran','2020-03-06','CU399'),
('TR264',10,'2020-03-06 00:00:00','Lia Diajeng',NULL,NULL,'selesai_pembayaran','2020-03-06','CU56'),
('TR265',8,'2020-03-06 00:00:00','Sari Karunia',NULL,NULL,'selesai_pembayaran','2020-03-06','CU473'),
('TR266',15,'2020-03-07 00:00:00','Lestari Elok',NULL,NULL,'selesai_pembayaran','2020-03-07','CU482'),
('TR267',14,'2020-03-07 00:00:00','Dinda Kawindra',NULL,NULL,'selesai_pembayaran','2020-03-07','CU385'),
('TR268',16,'2020-03-07 00:00:00','Sari Karunia',NULL,NULL,'selesai_pembayaran','2020-03-07','CU473'),
('TR269',19,'2020-03-07 00:00:00','Sari Karunia',NULL,NULL,'selesai_pembayaran','2020-03-07','CU24'),
('TR270',5,'2020-03-08 00:00:00','Rizki Danurdara',NULL,NULL,'selesai_pembayaran','2020-03-08','CU194'),
('TR271',1,'2020-03-08 00:00:00','Andre Isthika',NULL,NULL,'selesai_pembayaran','2020-03-08','CU470'),
('TR272',13,'2020-03-08 00:00:00','Sri Hakim',NULL,NULL,'selesai_pembayaran','2020-03-08','CU174'),
('TR273',16,'2020-03-08 00:00:00','Sri Hakim',NULL,NULL,'selesai_pembayaran','2020-03-08','CU69'),
('TR274',2,'2020-03-09 00:00:00','Andi Ganendra',NULL,NULL,'selesai_pembayaran','2020-03-09','CU243'),
('TR275',12,'2020-03-09 00:00:00','Wulandari Bagaskoro',NULL,NULL,'selesai_pembayaran','2020-03-09','CU486'),
('TR276',12,'2020-03-09 00:00:00','Wulandari Bagaskoro',NULL,NULL,'selesai_pembayaran','2020-03-09','CU40'),
('TR277',20,'2020-03-09 00:00:00','Sri Halim',NULL,NULL,'selesai_pembayaran','2020-03-09','CU379'),
('TR278',10,'2020-03-10 00:00:00','Sari Handaru',NULL,NULL,'selesai_pembayaran','2020-03-10','CU346'),
('TR279',4,'2020-03-10 00:00:00','Dinda Isthika',NULL,NULL,'selesai_pembayaran','2020-03-10','CU160'),
('TR280',16,'2020-03-10 00:00:00','Desi Jenggala',NULL,NULL,'selesai_pembayaran','2020-03-10','CU428'),
('TR281',10,'2020-03-10 00:00:00','Kusuma Danastri',NULL,NULL,'selesai_pembayaran','2020-03-10','CU185'),
('TR282',3,'2020-03-11 00:00:00','Tyas Gibran',NULL,NULL,'selesai_pembayaran','2020-03-11','CU158'),
('TR283',19,'2020-03-11 00:00:00','Kartika Danurdara',NULL,NULL,'selesai_pembayaran','2020-03-11','CU329'),
('TR284',11,'2020-03-11 00:00:00','Kartika Danurdara',NULL,NULL,'selesai_pembayaran','2020-03-11','CU329'),
('TR285',8,'2020-03-11 00:00:00','Maya Gusti',NULL,NULL,'selesai_pembayaran','2020-03-11','CU289'),
('TR286',3,'2020-03-12 00:00:00','Maya Gusti',NULL,NULL,'selesai_pembayaran','2020-03-12','CU17'),
('TR287',19,'2020-03-12 00:00:00','Ari Gantari',NULL,NULL,'selesai_pembayaran','2020-03-12','CU228'),
('TR288',17,'2020-03-12 00:00:00','Retno Bagaskoro',NULL,NULL,'selesai_pembayaran','2020-03-12','CU164'),
('TR289',5,'2020-03-12 00:00:00','Retno Bagaskoro',NULL,NULL,'selesai_pembayaran','2020-03-12','CU72'),
('TR290',1,'2020-03-13 00:00:00','Nurul Bakti',NULL,NULL,'selesai_pembayaran','2020-03-13','CU375'),
('TR291',12,'2020-03-13 00:00:00','Arya Guritno',NULL,NULL,'selesai_pembayaran','2020-03-13','CU468'),
('TR292',8,'2020-03-13 00:00:00','Arya Guritno',NULL,NULL,'selesai_pembayaran','2020-03-13','CU9'),
('TR293',9,'2020-03-13 00:00:00','Rini Garini',NULL,NULL,'selesai_pembayaran','2020-03-13','CU462'),
('TR294',12,'2020-03-14 00:00:00','Retno Hapsari',NULL,NULL,'selesai_pembayaran','2020-03-14','CU186'),
('TR295',1,'2020-03-14 00:00:00','Tika Gayatri',NULL,NULL,'selesai_pembayaran','2020-03-14','CU376'),
('TR296',10,'2020-03-14 00:00:00','Yudi Intan',NULL,NULL,'selesai_pembayaran','2020-03-14','CU460'),
('TR297',1,'2020-03-14 00:00:00','Wahyu Gemintang',NULL,NULL,'selesai_pembayaran','2020-03-14','CU350'),
('TR298',1,'2020-03-15 00:00:00','Wahyu Gemintang',NULL,NULL,'selesai_pembayaran','2020-03-15','CU10'),
('TR299',7,'2020-03-15 00:00:00','Wahyu Gemintang',NULL,NULL,'selesai_pembayaran','2020-03-15','CU42'),
('TR300',2,'2020-03-15 00:00:00','Annisa Ismoyono',NULL,NULL,'selesai_pembayaran','2020-03-15','CU206'),
('TR301',3,'2020-03-15 00:00:00','Annisa Ismoyono',NULL,NULL,'selesai_pembayaran','2020-03-15','CU29'),
('TR302',13,'2020-03-16 00:00:00','Rizki Danurdara',NULL,NULL,'selesai_pembayaran','2020-03-16','CU194'),
('TR303',10,'2020-03-16 00:00:00','Desi Jenggala',NULL,NULL,'selesai_pembayaran','2020-03-16','CU428'),
('TR304',7,'2020-03-16 00:00:00','Fitri Gemintang',NULL,NULL,'selesai_pembayaran','2020-03-16','CU374'),
('TR305',9,'2020-03-16 00:00:00','Annisa Garini',NULL,NULL,'selesai_pembayaran','2020-03-16','CU247'),
('TR306',1,'2020-03-17 00:00:00','Andre Gemani',NULL,NULL,'selesai_pembayaran','2020-03-17','CU333'),
('TR307',17,'2020-03-17 00:00:00','Andre Gemani',NULL,NULL,'selesai_pembayaran','2020-03-17','CU93'),
('TR308',4,'2020-03-17 00:00:00','Fajar Gunawan',NULL,NULL,'selesai_pembayaran','2020-03-17','CU262'),
('TR309',17,'2020-03-17 00:00:00','Dian Endang',NULL,NULL,'selesai_pembayaran','2020-03-17','CU133'),
('TR310',5,'2020-03-18 00:00:00','Lia Handaru',NULL,NULL,'selesai_pembayaran','2020-03-18','CU172'),
('TR311',18,'2020-03-18 00:00:00','Lia Handaru',NULL,NULL,'selesai_pembayaran','2020-03-18','CU58'),
('TR312',17,'2020-03-18 00:00:00','Lia Handaru',NULL,NULL,'selesai_pembayaran','2020-03-18','CU50'),
('TR313',16,'2020-03-18 00:00:00','Ajie Guritno',NULL,NULL,'selesai_pembayaran','2020-03-18','CU426'),
('TR314',2,'2020-03-19 00:00:00','Reza Hakim',NULL,NULL,'selesai_pembayaran','2020-03-19','CU138'),
('TR315',12,'2020-03-19 00:00:00','Wulandari Isthika',NULL,NULL,'selesai_pembayaran','2020-03-19','CU280'),
('TR316',20,'2020-03-19 00:00:00','Wulandari Isthika',NULL,NULL,'selesai_pembayaran','2020-03-19','CU67'),
('TR317',12,'2020-03-19 00:00:00','Rizki Gibran',NULL,NULL,'selesai_pembayaran','2020-03-19','CU250'),
('TR318',17,'2020-03-20 00:00:00','Indra Gemintang',NULL,NULL,'selesai_pembayaran','2020-03-20','CU150'),
('TR319',9,'2020-03-20 00:00:00','Indra Gemintang',NULL,NULL,'selesai_pembayaran','2020-03-20','CU85'),
('TR320',9,'2020-03-20 00:00:00','Desi Hanafi',NULL,NULL,'selesai_pembayaran','2020-03-20','CU265'),
('TR321',7,'2020-03-20 00:00:00','Mila Kamajaya',NULL,NULL,'selesai_pembayaran','2020-03-20','CU260'),
('TR322',9,'2020-03-21 00:00:00','Mila Kamajaya',NULL,NULL,'selesai_pembayaran','2020-03-21','CU44'),
('TR323',12,'2020-03-21 00:00:00','Kusuma Jumanta',NULL,NULL,'selesai_pembayaran','2020-03-21','CU492'),
('TR324',17,'2020-03-21 00:00:00','Hafid Guinandra',NULL,NULL,'selesai_pembayaran','2020-03-21','CU455'),
('TR325',12,'2020-03-21 00:00:00','Sri Janu',NULL,NULL,'selesai_pembayaran','2020-03-21','CU209'),
('TR326',19,'2020-03-22 00:00:00','Hadi Gardara',NULL,NULL,'selesai_pembayaran','2020-03-22','CU371'),
('TR327',18,'2020-03-22 00:00:00','Kartika Gayatri',NULL,NULL,'selesai_pembayaran','2020-03-22','CU159'),
('TR328',3,'2020-03-22 00:00:00','Rini Hakim',NULL,NULL,'selesai_pembayaran','2020-03-22','CU171'),
('TR329',18,'2020-03-22 00:00:00','Ajie Guinandra',NULL,NULL,'selesai_pembayaran','2020-03-22','CU327'),
('TR330',1,'2020-03-23 00:00:00','Kartika Gayatri',NULL,NULL,'selesai_pembayaran','2020-03-23','CU159'),
('TR331',15,'2020-03-23 00:00:00','Kartika Gayatri',NULL,NULL,'selesai_pembayaran','2020-03-23','CU77'),
('TR332',3,'2020-03-23 00:00:00','Kartika Gayatri',NULL,NULL,'selesai_pembayaran','2020-03-23','CU23'),
('TR333',2,'2020-03-23 00:00:00','Mila Martin',NULL,NULL,'selesai_pembayaran','2020-03-23','CU245'),
('TR334',4,'2020-03-24 00:00:00','Rizki Halim',NULL,NULL,'selesai_pembayaran','2020-03-24','CU436'),
('TR335',6,'2020-03-24 00:00:00','Rizki Halim',NULL,NULL,'selesai_pembayaran','2020-03-24','CU75'),
('TR336',4,'2020-03-24 00:00:00','Rizki Halim',NULL,NULL,'selesai_pembayaran','2020-03-24','CU5'),
('TR337',11,'2020-03-24 00:00:00','Deni Gibran',NULL,NULL,'selesai_pembayaran','2020-03-24','CU403'),
('TR338',12,'2020-03-25 00:00:00','Femi Jumanta',NULL,NULL,'selesai_pembayaran','2020-03-25','CU118'),
('TR339',7,'2020-03-25 00:00:00','Annisa Garini',NULL,NULL,'selesai_pembayaran','2020-03-25','CU107'),
('TR340',13,'2020-03-25 00:00:00','Kusuma Gentala',NULL,NULL,'selesai_pembayaran','2020-03-25','CU458'),
('TR341',9,'2020-03-25 00:00:00','Annisa Jumanta',NULL,NULL,'selesai_pembayaran','2020-03-25','CU238'),
('TR342',12,'2020-03-26 00:00:00','Retno Gusti',NULL,NULL,'selesai_pembayaran','2020-03-26','CU387'),
('TR343',11,'2020-03-26 00:00:00','Dito Karunia',NULL,NULL,'selesai_pembayaran','2020-03-26','CU220'),
('TR344',6,'2020-03-26 00:00:00','Fajar Gemani',NULL,NULL,'selesai_pembayaran','2020-03-26','CU189'),
('TR345',6,'2020-03-26 00:00:00','Annisa Garini',NULL,NULL,'selesai_pembayaran','2020-03-26','CU107'),
('TR346',11,'2020-03-27 00:00:00','Kartika Danurdara',NULL,NULL,'selesai_pembayaran','2020-03-27','CU329'),
('TR347',6,'2020-03-27 00:00:00','Sari Hamdan',NULL,NULL,'selesai_pembayaran','2020-03-27','CU282'),
('TR348',20,'2020-03-27 00:00:00','Utami Kawindra',NULL,NULL,'selesai_pembayaran','2020-03-27','CU384'),
('TR349',13,'2020-03-27 00:00:00','Rizki Gibran',NULL,NULL,'selesai_pembayaran','2020-03-27','CU250'),
('TR350',3,'2020-03-28 00:00:00','Dito Indira',NULL,NULL,'selesai_pembayaran','2020-03-28','CU300'),
('TR351',2,'2020-03-28 00:00:00','Indra Gunawan',NULL,NULL,'selesai_pembayaran','2020-03-28','CU449'),
('TR352',20,'2020-03-28 00:00:00','Rizki Hanafi',NULL,NULL,'selesai_pembayaran','2020-03-28','CU315'),
('TR353',13,'2020-03-28 00:00:00','Kartika Gibran',NULL,NULL,'selesai_pembayaran','2020-03-28','CU451'),
('TR354',7,'2020-03-29 00:00:00','Dito Karunia',NULL,NULL,'selesai_pembayaran','2020-03-29','CU220'),
('TR355',7,'2020-03-29 00:00:00','Sri Kresna',NULL,NULL,'selesai_pembayaran','2020-03-29','CU128'),
('TR356',9,'2020-03-29 00:00:00','Fitri Galih',NULL,NULL,'selesai_pembayaran','2020-03-29','CU442'),
('TR357',4,'2020-03-29 00:00:00','Ika Diajeng',NULL,NULL,'selesai_pembayaran','2020-03-29','CU246'),
('TR358',7,'2020-03-30 00:00:00','Kusuma Danastri',NULL,NULL,'selesai_pembayaran','2020-03-30','CU185'),
('TR359',20,'2020-03-30 00:00:00','Rio Guinandra',NULL,NULL,'selesai_pembayaran','2020-03-30','CU298'),
('TR360',2,'2020-03-30 00:00:00','Hafid Halim',NULL,NULL,'selesai_pembayaran','2020-03-30','CU497'),
('TR361',5,'2020-03-30 00:00:00','Ajie Gumelar',NULL,NULL,'selesai_pembayaran','2020-03-30','CU252'),
('TR362',10,'2020-04-01 00:00:00','Tika Gahyaka',NULL,NULL,'selesai_pembayaran','2020-04-01','CU319'),
('TR363',9,'2020-04-01 00:00:00','Kurniawan Gemintang',NULL,NULL,'selesai_pembayaran','2020-04-01','CU292'),
('TR364',11,'2020-04-01 00:00:00','Femi Gempita',NULL,NULL,'selesai_pembayaran','2020-04-01','CU178'),
('TR365',20,'2020-04-01 00:00:00','Rizki Gibran',NULL,NULL,'selesai_pembayaran','2020-04-01','CU250'),
('TR366',11,'2020-04-02 00:00:00','Reza Hakim',NULL,NULL,'selesai_pembayaran','2020-04-02','CU138'),
('TR367',3,'2020-04-02 00:00:00','Reza Guritno',NULL,NULL,'selesai_pembayaran','2020-04-02','CU366'),
('TR368',13,'2020-04-02 00:00:00','Reza Garini',NULL,NULL,'selesai_pembayaran','2020-04-02','CU200'),
('TR369',3,'2020-04-02 00:00:00','Reza Garini',NULL,NULL,'selesai_pembayaran','2020-04-02','CU8'),
('TR370',20,'2020-04-03 00:00:00','Andre Garini',NULL,NULL,'selesai_pembayaran','2020-04-03','CU339'),
('TR371',17,'2020-04-03 00:00:00','Wulandari Gadhing',NULL,NULL,'selesai_pembayaran','2020-04-03','CU367'),
('TR372',16,'2020-04-03 00:00:00','Deni Dharma',NULL,NULL,'selesai_pembayaran','2020-04-03','CU423'),
('TR373',17,'2020-04-03 00:00:00','Rizki Bakti',NULL,NULL,'selesai_pembayaran','2020-04-03','CU224'),
('TR374',20,'2020-04-04 00:00:00','Hadi Gemani',NULL,NULL,'selesai_pembayaran','2020-04-04','CU450'),
('TR375',10,'2020-04-04 00:00:00','Hadi Gemani',NULL,NULL,'selesai_pembayaran','2020-04-04','CU32'),
('TR376',4,'2020-04-04 00:00:00','Hadi Gemani',NULL,NULL,'selesai_pembayaran','2020-04-04','CU57'),
('TR377',8,'2020-04-04 00:00:00','Nurul Gahyaka',NULL,NULL,'selesai_pembayaran','2020-04-04','CU296'),
('TR378',19,'2020-04-05 00:00:00','Andre Garini',NULL,NULL,'selesai_pembayaran','2020-04-05','CU111'),
('TR379',14,'2020-04-05 00:00:00','Reza Ihsan',NULL,NULL,'selesai_pembayaran','2020-04-05','CU440'),
('TR380',10,'2020-04-05 00:00:00','Wahyu Gemintang',NULL,NULL,'selesai_pembayaran','2020-04-05','CU350'),
('TR381',8,'2020-04-05 00:00:00','Lestari Ihsan',NULL,NULL,'selesai_pembayaran','2020-04-05','CU188'),
('TR382',20,'2020-04-06 00:00:00','Bayu Jenaka',NULL,NULL,'selesai_pembayaran','2020-04-06','CU413'),
('TR383',15,'2020-04-06 00:00:00','Dinda Isthika',NULL,NULL,'selesai_pembayaran','2020-04-06','CU160'),
('TR384',20,'2020-04-06 00:00:00','Ika Kawindra',NULL,NULL,'selesai_pembayaran','2020-04-06','CU312'),
('TR385',20,'2020-04-06 00:00:00','Kurniawan Guritno',NULL,NULL,'selesai_pembayaran','2020-04-06','CU489'),
('TR386',17,'2020-04-07 00:00:00','Andi Gayatri',NULL,NULL,'selesai_pembayaran','2020-04-07','CU476'),
('TR387',19,'2020-04-07 00:00:00','Ika Bakti',NULL,NULL,'selesai_pembayaran','2020-04-07','CU142'),
('TR388',5,'2020-04-07 00:00:00','Andi Ismoyono',NULL,NULL,'selesai_pembayaran','2020-04-07','CU400'),
('TR389',13,'2020-04-07 00:00:00','Ilham Kresna',NULL,NULL,'selesai_pembayaran','2020-04-07','CU324'),
('TR390',13,'2020-04-08 00:00:00','Ilham Kresna',NULL,NULL,'selesai_pembayaran','2020-04-08','CU44'),
('TR391',6,'2020-04-08 00:00:00','Retno Jumanta',NULL,NULL,'selesai_pembayaran','2020-04-08','CU411'),
('TR392',6,'2020-04-08 00:00:00','Ajie Gardara',NULL,NULL,'selesai_pembayaran','2020-04-08','CU404'),
('TR393',20,'2020-04-08 00:00:00','Yudi Handaru',NULL,NULL,'selesai_pembayaran','2020-04-08','CU479'),
('TR394',15,'2020-04-09 00:00:00','Yudi Intan',NULL,NULL,'selesai_pembayaran','2020-04-09','CU460'),
('TR395',1,'2020-04-09 00:00:00','Tyas Kawindra',NULL,NULL,'selesai_pembayaran','2020-04-09','CU421'),
('TR396',8,'2020-04-09 00:00:00','Arya Halim',NULL,NULL,'selesai_pembayaran','2020-04-09','CU353'),
('TR397',20,'2020-04-09 00:00:00','Sri Gunawan',NULL,NULL,'selesai_pembayaran','2020-04-09','CU414'),
('TR398',1,'2020-04-10 00:00:00','Utami Hanafi',NULL,NULL,'selesai_pembayaran','2020-04-10','CU193'),
('TR399',6,'2020-04-10 00:00:00','Ajie Guritno',NULL,NULL,'selesai_pembayaran','2020-04-10','CU426'),
('TR400',16,'2020-04-10 00:00:00','Maya Gusti',NULL,NULL,'selesai_pembayaran','2020-04-10','CU356'),
('TR401',17,'2020-04-10 00:00:00','Sari Hapsari',NULL,NULL,'selesai_pembayaran','2020-04-10','CU422'),
('TR402',12,'2020-04-11 00:00:00','Femi Gusti',NULL,NULL,'selesai_pembayaran','2020-04-11','CU307'),
('TR403',12,'2020-04-11 00:00:00','Femi Gusti',NULL,NULL,'selesai_pembayaran','2020-04-11','CU34'),
('TR404',1,'2020-04-11 00:00:00','Reza Ismoyono',NULL,NULL,'selesai_pembayaran','2020-04-11','CU378'),
('TR405',15,'2020-04-11 00:00:00','Sri Jenaka',NULL,NULL,'selesai_pembayaran','2020-04-11','CU372'),
('TR406',9,'2020-04-12 00:00:00','Andre Gemani',NULL,NULL,'selesai_pembayaran','2020-04-12','CU154'),
('TR407',12,'2020-04-12 00:00:00','Andre Gemani',NULL,NULL,'selesai_pembayaran','2020-04-12','CU85'),
('TR408',10,'2020-04-12 00:00:00','Ari Gantari',NULL,NULL,'selesai_pembayaran','2020-04-12','CU228'),
('TR409',2,'2020-04-12 00:00:00','Ari Gantari',NULL,NULL,'selesai_pembayaran','2020-04-12','CU57'),
('TR410',2,'2020-04-13 00:00:00','Ari Gantari',NULL,NULL,'selesai_pembayaran','2020-04-13','CU31'),
('TR411',12,'2020-04-13 00:00:00','Ari Gantari',NULL,NULL,'selesai_pembayaran','2020-04-13','CU78'),
('TR412',6,'2020-04-13 00:00:00','Reza Garini',NULL,NULL,'selesai_pembayaran','2020-04-13','CU200'),
('TR413',1,'2020-04-13 00:00:00','Reza Garini',NULL,NULL,'selesai_pembayaran','2020-04-13','CU87'),
('TR414',8,'2020-04-14 00:00:00','Maya Martin',NULL,NULL,'selesai_pembayaran','2020-04-14','CU351'),
('TR415',13,'2020-04-14 00:00:00','Tika Gayatri',NULL,NULL,'selesai_pembayaran','2020-04-14','CU376'),
('TR416',17,'2020-04-14 00:00:00','Deni Hapsari',NULL,NULL,'selesai_pembayaran','2020-04-14','CU475'),
('TR417',19,'2020-04-14 00:00:00','Bayu Diajeng',NULL,NULL,'selesai_pembayaran','2020-04-14','CU140'),
('TR418',2,'2020-04-15 00:00:00','Fitri Intan',NULL,NULL,'selesai_pembayaran','2020-04-15','CU382'),
('TR419',16,'2020-04-15 00:00:00','Dian Gemintang',NULL,NULL,'selesai_pembayaran','2020-04-15','CU496'),
('TR420',9,'2020-04-15 00:00:00','Yudi Handaru',NULL,NULL,'selesai_pembayaran','2020-04-15','CU479'),
('TR421',20,'2020-04-15 00:00:00','Andy Kresna',NULL,NULL,'selesai_pembayaran','2020-04-15','CU124'),
('TR422',12,'2020-04-16 00:00:00','Andy Kresna',NULL,NULL,'selesai_pembayaran','2020-04-16','CU46'),
('TR423',19,'2020-04-16 00:00:00','Hafid Galih',NULL,NULL,'selesai_pembayaran','2020-04-16','CU261'),
('TR424',13,'2020-04-16 00:00:00','Hafid Galih',NULL,NULL,'selesai_pembayaran','2020-04-16','CU40'),
('TR425',4,'2020-04-16 00:00:00','Andy Hakim',NULL,NULL,'selesai_pembayaran','2020-04-16','CU402'),
('TR426',5,'2020-04-17 00:00:00','Andi Diajeng',NULL,NULL,'selesai_pembayaran','2020-04-17','CU281'),
('TR427',9,'2020-04-17 00:00:00','Sri Janu',NULL,NULL,'selesai_pembayaran','2020-04-17','CU209'),
('TR428',4,'2020-04-17 00:00:00','Kartika Kawindra',NULL,NULL,'selesai_pembayaran','2020-04-17','CU447'),
('TR429',10,'2020-04-17 00:00:00','Sri Garini',NULL,NULL,'selesai_pembayaran','2020-04-17','CU102'),
('TR430',12,'2020-04-18 00:00:00','Deni Gibran',NULL,NULL,'selesai_pembayaran','2020-04-18','CU403'),
('TR431',13,'2020-04-18 00:00:00','Annisa Jumanta',NULL,NULL,'selesai_pembayaran','2020-04-18','CU238'),
('TR432',19,'2020-04-18 00:00:00','Ika Galih',NULL,NULL,'selesai_pembayaran','2020-04-18','CU383'),
('TR433',11,'2020-04-18 00:00:00','Utami Gadhing',NULL,NULL,'selesai_pembayaran','2020-04-18','CU127'),
('TR434',2,'2020-04-19 00:00:00','Arya Guritno',NULL,NULL,'selesai_pembayaran','2020-04-19','CU468'),
('TR435',6,'2020-04-19 00:00:00','Annisa Garini',NULL,NULL,'selesai_pembayaran','2020-04-19','CU247'),
('TR436',17,'2020-04-19 00:00:00','Maya Intan',NULL,NULL,'selesai_pembayaran','2020-04-19','CU469'),
('TR437',7,'2020-04-19 00:00:00','Kusuma Danastri',NULL,NULL,'selesai_pembayaran','2020-04-19','CU185'),
('TR438',20,'2020-04-20 00:00:00','Rio Guinandra',NULL,NULL,'selesai_pembayaran','2020-04-20','CU298'),
('TR439',2,'2020-04-20 00:00:00','Rini Janu',NULL,NULL,'selesai_pembayaran','2020-04-20','CU493'),
('TR440',12,'2020-04-20 00:00:00','Femi Gempita',NULL,NULL,'selesai_pembayaran','2020-04-20','CU178'),
('TR441',14,'2020-04-20 00:00:00','Wahyu Jatmika',NULL,NULL,'selesai_pembayaran','2020-04-20','CU443'),
('TR442',3,'2020-04-21 00:00:00','Kurniawan Kamajaya',NULL,NULL,'selesai_pembayaran','2020-04-21','CU311'),
('TR443',17,'2020-04-21 00:00:00','Ajie Guritno',NULL,NULL,'selesai_pembayaran','2020-04-21','CU426'),
('TR444',7,'2020-04-21 00:00:00','Andi Diajeng',NULL,NULL,'selesai_pembayaran','2020-04-21','CU281'),
('TR445',1,'2020-04-21 00:00:00','Andi Diajeng',NULL,NULL,'selesai_pembayaran','2020-04-21','CU5'),
('TR446',12,'2020-04-22 00:00:00','Andi Diajeng',NULL,NULL,'selesai_pembayaran','2020-04-22','CU68'),
('TR447',13,'2020-04-22 00:00:00','Dinda Bakti',NULL,NULL,'selesai_pembayaran','2020-04-22','CU234'),
('TR448',11,'2020-04-22 00:00:00','Yudi Danurdara',NULL,NULL,'selesai_pembayaran','2020-04-22','CU336'),
('TR449',3,'2020-04-22 00:00:00','Hafid Ganendra',NULL,NULL,'selesai_pembayaran','2020-04-22','CU267'),
('TR450',3,'2020-04-23 00:00:00','Hafid Ganendra',NULL,NULL,'selesai_pembayaran','2020-04-23','CU55'),
('TR451',19,'2020-04-23 00:00:00','Sri Kresna',NULL,NULL,'selesai_pembayaran','2020-04-23','CU128'),
('TR452',13,'2020-04-23 00:00:00','Eko Endaru',NULL,NULL,'selesai_pembayaran','2020-04-23','CU444'),
('TR453',18,'2020-04-23 00:00:00','Sari Hamdan',NULL,NULL,'selesai_pembayaran','2020-04-23','CU282'),
('TR454',19,'2020-04-24 00:00:00','Andy Ismoyono',NULL,NULL,'selesai_pembayaran','2020-04-24','CU360'),
('TR455',1,'2020-04-24 00:00:00','Hafid Diajeng',NULL,NULL,'selesai_pembayaran','2020-04-24','CU287'),
('TR456',1,'2020-04-24 00:00:00','Lestari Martin',NULL,NULL,'selesai_pembayaran','2020-04-24','CU211'),
('TR457',4,'2020-04-24 00:00:00','Ajie Guritno',NULL,NULL,'selesai_pembayaran','2020-04-24','CU426'),
('TR458',6,'2020-04-25 00:00:00','Kusuma Danastri',NULL,NULL,'selesai_pembayaran','2020-04-25','CU185'),
('TR459',17,'2020-04-25 00:00:00','Lia Handaru',NULL,NULL,'selesai_pembayaran','2020-04-25','CU172'),
('TR460',8,'2020-04-25 00:00:00','Lia Handaru',NULL,NULL,'selesai_pembayaran','2020-04-25','CU93'),
('TR461',19,'2020-04-25 00:00:00','Rizki Ganesh',NULL,NULL,'selesai_pembayaran','2020-04-25','CU214'),
('TR462',8,'2020-04-26 00:00:00','Desi Gemani',NULL,NULL,'selesai_pembayaran','2020-04-26','CU223'),
('TR463',20,'2020-04-26 00:00:00','Rizki Hanafi',NULL,NULL,'selesai_pembayaran','2020-04-26','CU315'),
('TR464',16,'2020-04-26 00:00:00','Arya Guritno',NULL,NULL,'selesai_pembayaran','2020-04-26','CU468'),
('TR465',3,'2020-04-26 00:00:00','Arya Guritno',NULL,NULL,'selesai_pembayaran','2020-04-26','CU46'),
('TR466',4,'2020-04-27 00:00:00','Fajar Gahyaka',NULL,NULL,'selesai_pembayaran','2020-04-27','CU153'),
('TR467',8,'2020-04-27 00:00:00','Rini Janu',NULL,NULL,'selesai_pembayaran','2020-04-27','CU493'),
('TR468',13,'2020-04-27 00:00:00','Andy Danastri',NULL,NULL,'selesai_pembayaran','2020-04-27','CU478'),
('TR469',11,'2020-04-27 00:00:00','Deni Danurdara',NULL,NULL,'selesai_pembayaran','2020-04-27','CU144'),
('TR470',15,'2020-04-28 00:00:00','Andre Gunawan',NULL,NULL,'selesai_pembayaran','2020-04-28','CU437'),
('TR471',16,'2020-04-28 00:00:00','Hadi Martin',NULL,NULL,'selesai_pembayaran','2020-04-28','CU495'),
('TR472',7,'2020-04-28 00:00:00','Fajar Ismoyono',NULL,NULL,'selesai_pembayaran','2020-04-28','CU467'),
('TR473',5,'2020-04-28 00:00:00','Retno Endang',NULL,NULL,'selesai_pembayaran','2020-04-28','CU424'),
('TR474',14,'2020-04-29 00:00:00','Andre Garini',NULL,NULL,'selesai_pembayaran','2020-04-29','CU339'),
('TR475',7,'2020-04-29 00:00:00','Anthony Hanafi',NULL,NULL,'selesai_pembayaran','2020-04-29','CU129'),
('TR476',20,'2020-04-29 00:00:00','Ajie Gusti',NULL,NULL,'selesai_pembayaran','2020-04-29','CU394'),
('TR477',3,'2020-04-29 00:00:00','Ari Hanafi',NULL,NULL,'selesai_pembayaran','2020-04-29','CU313'),
('TR478',12,'2020-04-30 00:00:00','Lestari Karunia',NULL,NULL,'selesai_pembayaran','2020-04-30','CU397'),
('TR479',11,'2020-04-30 00:00:00','Tyas Guritno',NULL,NULL,'selesai_pembayaran','2020-04-30','CU222'),
('TR480',16,'2020-04-30 00:00:00','Maria Gemani',NULL,NULL,'selesai_pembayaran','2020-04-30','CU132'),
('TR481',18,'2020-04-30 00:00:00','Maria Gemani',NULL,NULL,'selesai_pembayaran','2020-04-30','CU17'),
('TR482',12,'2020-05-01 00:00:00','Sarah Martin',NULL,NULL,'selesai_pembayaran','2020-05-01','CU120'),
('TR483',9,'2020-05-01 00:00:00','Annisa Endaru',NULL,NULL,'selesai_pembayaran','2020-05-01','CU119'),
('TR484',10,'2020-05-01 00:00:00','Rini Hakim',NULL,NULL,'selesai_pembayaran','2020-05-01','CU171'),
('TR485',7,'2020-05-01 00:00:00','Maria Jaya',NULL,NULL,'selesai_pembayaran','2020-05-01','CU175'),
('TR486',16,'2020-05-02 00:00:00','Fitri Ginanita',NULL,NULL,'selesai_pembayaran','2020-05-02','CU275'),
('TR487',4,'2020-05-02 00:00:00','Desi Dewangga',NULL,NULL,'selesai_pembayaran','2020-05-02','CU156'),
('TR488',6,'2020-05-02 00:00:00','Eko Ihsan',NULL,NULL,'selesai_pembayaran','2020-05-02','CU483'),
('TR489',18,'2020-05-02 00:00:00','Femi Dharma',NULL,NULL,'selesai_pembayaran','2020-05-02','CU273'),
('TR490',15,'2020-05-03 00:00:00','Ika Jatmika',NULL,NULL,'selesai_pembayaran','2020-05-03','CU330'),
('TR491',1,'2020-05-03 00:00:00','Tika Gahyaka',NULL,NULL,'selesai_pembayaran','2020-05-03','CU319'),
('TR492',15,'2020-05-03 00:00:00','Tika Gahyaka',NULL,NULL,'selesai_pembayaran','2020-05-03','CU78'),
('TR493',16,'2020-05-03 00:00:00','Tika Gahyaka',NULL,NULL,'selesai_pembayaran','2020-05-03','CU99'),
('TR494',10,'2020-05-04 00:00:00','Retno Hapsari',NULL,NULL,'selesai_pembayaran','2020-05-04','CU186'),
('TR495',18,'2020-05-04 00:00:00','Maria Gemani',NULL,NULL,'selesai_pembayaran','2020-05-04','CU132'),
('TR496',14,'2020-05-04 00:00:00','Andre Gemani',NULL,NULL,'selesai_pembayaran','2020-05-04','CU333'),
('TR497',9,'2020-05-04 00:00:00','Sarah Ganesh',NULL,NULL,'selesai_pembayaran','2020-05-04','CU141'),
('TR498',9,'2020-05-05 00:00:00','Sri Hakim',NULL,NULL,'selesai_pembayaran','2020-05-05','CU174'),
('TR499',2,'2020-05-05 00:00:00','Sri Hakim',NULL,NULL,'selesai_pembayaran','2020-05-05','CU34'),
('TR500',10,'2020-05-05 00:00:00','Sri Hakim',NULL,NULL,'selesai_pembayaran','2020-05-05','CU68'),
('TR501',8,'2020-05-05 00:00:00','Yudi Handaru',NULL,NULL,'selesai_pembayaran','2020-05-05','CU479'),
('TR502',14,'2020-05-06 00:00:00','Yudi Handaru',NULL,NULL,'selesai_pembayaran','2020-05-06','CU479'),
('TR503',18,'2020-05-06 00:00:00','Rio Guinandra',NULL,NULL,'selesai_pembayaran','2020-05-06','CU298'),
('TR504',15,'2020-05-06 00:00:00','Andre Garini',NULL,NULL,'selesai_pembayaran','2020-05-06','CU339'),
('TR505',8,'2020-05-06 00:00:00','Lia Jenaka',NULL,NULL,'selesai_pembayaran','2020-05-06','CU251'),
('TR506',1,'2020-05-07 00:00:00','Tyas Gemani',NULL,NULL,'selesai_pembayaran','2020-05-07','CU219'),
('TR507',19,'2020-05-07 00:00:00','Lia Diajeng',NULL,NULL,'selesai_pembayaran','2020-05-07','CU399'),
('TR508',7,'2020-05-07 00:00:00','Andi Gahyaka',NULL,NULL,'selesai_pembayaran','2020-05-07','CU110'),
('TR509',20,'2020-05-07 00:00:00','Andy Hamdan',NULL,NULL,'selesai_pembayaran','2020-05-07','CU499'),
('TR510',19,'2020-05-08 00:00:00','Mila Gumelar',NULL,NULL,'selesai_pembayaran','2020-05-08','CU491'),
('TR511',12,'2020-05-08 00:00:00','Anthony Gempita',NULL,NULL,'selesai_pembayaran','2020-05-08','CU334'),
('TR512',12,'2020-05-08 00:00:00','Aulia Ihsan',NULL,NULL,'selesai_pembayaran','2020-05-08','CU427'),
('TR513',7,'2020-05-08 00:00:00','Aulia Ihsan',NULL,NULL,'selesai_pembayaran','2020-05-08','CU98'),
('TR514',3,'2020-05-09 00:00:00','Aulia Ihsan',NULL,NULL,'selesai_pembayaran','2020-05-09','CU11'),
('TR515',17,'2020-05-09 00:00:00','Anthony Hapsari',NULL,NULL,'selesai_pembayaran','2020-05-09','CU323'),
('TR516',20,'2020-05-09 00:00:00','Anthony Hapsari',NULL,NULL,'selesai_pembayaran','2020-05-09','CU39'),
('TR517',6,'2020-05-09 00:00:00','Andre Estiana',NULL,NULL,'selesai_pembayaran','2020-05-09','CU321'),
('TR518',14,'2020-05-10 00:00:00','Maya Dharma',NULL,NULL,'selesai_pembayaran','2020-05-10','CU255'),
('TR519',8,'2020-05-10 00:00:00','Fitri Galih',NULL,NULL,'selesai_pembayaran','2020-05-10','CU442'),
('TR520',19,'2020-05-10 00:00:00','Tika Endang',NULL,NULL,'selesai_pembayaran','2020-05-10','CU105'),
('TR521',8,'2020-05-10 00:00:00','Tika Endang',NULL,NULL,'selesai_pembayaran','2020-05-10','CU17'),
('TR522',14,'2020-05-11 00:00:00','Reza Ismoyono',NULL,NULL,'selesai_pembayaran','2020-05-11','CU378'),
('TR523',5,'2020-05-11 00:00:00','Reza Ismoyono',NULL,NULL,'selesai_pembayaran','2020-05-11','CU21'),
('TR524',7,'2020-05-11 00:00:00','Wulandari Karunia',NULL,NULL,'selesai_pembayaran','2020-05-11','CU498'),
('TR525',16,'2020-05-11 00:00:00','Wulandari Handaru',NULL,NULL,'selesai_pembayaran','2020-05-11','CU271'),
('TR526',6,'2020-05-12 00:00:00','Wulandari Gahyaka',NULL,NULL,'selesai_pembayaran','2020-05-12','CU165'),
('TR527',3,'2020-05-12 00:00:00','Ilham Jatmika',NULL,NULL,'selesai_pembayaran','2020-05-12','CU197'),
('TR528',3,'2020-05-12 00:00:00','Wulandari Halim',NULL,NULL,'selesai_pembayaran','2020-05-12','CU254'),
('TR529',2,'2020-05-12 00:00:00','Wulandari Halim',NULL,NULL,'selesai_pembayaran','2020-05-12','CU44'),
('TR530',5,'2020-05-13 00:00:00','Wulandari Halim',NULL,NULL,'selesai_pembayaran','2020-05-13','CU41'),
('TR531',5,'2020-05-13 00:00:00','Ika Galih',NULL,NULL,'selesai_pembayaran','2020-05-13','CU383'),
('TR532',8,'2020-05-13 00:00:00','Ajie Gardara',NULL,NULL,'selesai_pembayaran','2020-05-13','CU404'),
('TR533',2,'2020-05-13 00:00:00','Dito Karunia',NULL,NULL,'selesai_pembayaran','2020-05-13','CU220'),
('TR534',4,'2020-05-14 00:00:00','Dito Karunia',NULL,NULL,'selesai_pembayaran','2020-05-14','CU41'),
('TR535',9,'2020-05-14 00:00:00','Kurniawan Gemintang',NULL,NULL,'selesai_pembayaran','2020-05-14','CU292'),
('TR536',11,'2020-05-14 00:00:00','Rini Hakim',NULL,NULL,'selesai_pembayaran','2020-05-14','CU182'),
('TR537',12,'2020-05-14 00:00:00','Andre Estiana',NULL,NULL,'selesai_pembayaran','2020-05-14','CU321'),
('TR538',17,'2020-05-15 00:00:00','Hadi Gemani',NULL,NULL,'selesai_pembayaran','2020-05-15','CU450'),
('TR539',4,'2020-05-15 00:00:00','Ajie Intan',NULL,NULL,'selesai_pembayaran','2020-05-15','CU161'),
('TR540',9,'2020-05-15 00:00:00','Ajie Intan',NULL,NULL,'selesai_pembayaran','2020-05-15','CU3'),
('TR541',14,'2020-05-15 00:00:00','Arya Gadhing',NULL,NULL,'selesai_pembayaran','2020-05-15','CU101'),
('TR542',16,'2020-05-16 00:00:00','Bayu Diajeng',NULL,NULL,'selesai_pembayaran','2020-05-16','CU381'),
('TR543',20,'2020-05-16 00:00:00','Dito Hamdan',NULL,NULL,'selesai_pembayaran','2020-05-16','CU337'),
('TR544',14,'2020-05-16 00:00:00','Fajar Ismoyono',NULL,NULL,'selesai_pembayaran','2020-05-16','CU467'),
('TR545',4,'2020-05-16 00:00:00','Rizki Handaru',NULL,NULL,'selesai_pembayaran','2020-05-16','CU326'),
('TR546',8,'2020-05-17 00:00:00','Rini Janu',NULL,NULL,'selesai_pembayaran','2020-05-17','CU493'),
('TR547',6,'2020-05-17 00:00:00','Rizki Halim',NULL,NULL,'selesai_pembayaran','2020-05-17','CU436'),
('TR548',11,'2020-05-17 00:00:00','Ika Jatmika',NULL,NULL,'selesai_pembayaran','2020-05-17','CU330'),
('TR549',19,'2020-05-17 00:00:00','Arya Halim',NULL,NULL,'selesai_pembayaran','2020-05-17','CU353'),
('TR550',13,'2020-05-18 00:00:00','Tyas Karunia',NULL,NULL,'selesai_pembayaran','2020-05-18','CU236'),
('TR551',4,'2020-05-18 00:00:00','Ilham Gunawan',NULL,NULL,'selesai_pembayaran','2020-05-18','CU297'),
('TR552',15,'2020-05-18 00:00:00','Ilham Gunawan',NULL,NULL,'selesai_pembayaran','2020-05-18','CU24'),
('TR553',10,'2020-05-18 00:00:00','Sari Guntur',NULL,NULL,'selesai_pembayaran','2020-05-18','CU266'),
('TR554',2,'2020-05-19 00:00:00','Eko Danurdara',NULL,NULL,'selesai_pembayaran','2020-05-19','CU345'),
('TR555',8,'2020-05-19 00:00:00','Arya Gibran',NULL,NULL,'selesai_pembayaran','2020-05-19','CU162'),
('TR556',9,'2020-05-19 00:00:00','Hafid Guinandra',NULL,NULL,'selesai_pembayaran','2020-05-19','CU455'),
('TR557',14,'2020-05-19 00:00:00','Utami Hanafi',NULL,NULL,'selesai_pembayaran','2020-05-19','CU193'),
('TR558',12,'2020-05-20 00:00:00','Utami Hanafi',NULL,NULL,'selesai_pembayaran','2020-05-20','CU56'),
('TR559',10,'2020-05-20 00:00:00','Ajie Guinandra',NULL,NULL,'selesai_pembayaran','2020-05-20','CU327'),
('TR560',14,'2020-05-20 00:00:00','Lestari Martin',NULL,NULL,'selesai_pembayaran','2020-05-20','CU211'),
('TR561',13,'2020-05-20 00:00:00','Lestari Martin',NULL,NULL,'selesai_pembayaran','2020-05-20','CU67'),
('TR562',15,'2020-05-21 00:00:00','Utami Ganendra',NULL,NULL,'selesai_pembayaran','2020-05-21','CU359'),
('TR563',1,'2020-05-21 00:00:00','Indra Jumanta',NULL,NULL,'selesai_pembayaran','2020-05-21','CU221'),
('TR564',9,'2020-05-21 00:00:00','Kusuma Gentala',NULL,NULL,'selesai_pembayaran','2020-05-21','CU458'),
('TR565',16,'2020-05-21 00:00:00','Annisa Ismoyono',NULL,NULL,'selesai_pembayaran','2020-05-21','CU206'),
('TR566',12,'2020-05-22 00:00:00','Retno Janu',NULL,NULL,'selesai_pembayaran','2020-05-22','CU284'),
('TR567',15,'2020-05-22 00:00:00','Retno Janu',NULL,NULL,'selesai_pembayaran','2020-05-22','CU42'),
('TR568',4,'2020-05-22 00:00:00','Fajar Kamajaya',NULL,NULL,'selesai_pembayaran','2020-05-22','CU241'),
('TR569',10,'2020-05-22 00:00:00','Utami Gardara',NULL,NULL,'selesai_pembayaran','2020-05-22','CU201'),
('TR570',18,'2020-05-23 00:00:00','Arya Martin',NULL,NULL,'selesai_pembayaran','2020-05-23','CU137'),
('TR571',5,'2020-05-23 00:00:00','Hafid Diajeng',NULL,NULL,'selesai_pembayaran','2020-05-23','CU287'),
('TR572',10,'2020-05-23 00:00:00','Rizki Diajeng',NULL,NULL,'selesai_pembayaran','2020-05-23','CU217'),
('TR573',20,'2020-05-23 00:00:00','Rizki Diajeng',NULL,NULL,'selesai_pembayaran','2020-05-23','CU43'),
('TR574',11,'2020-05-24 00:00:00','Wahyu Gemintang',NULL,NULL,'selesai_pembayaran','2020-05-24','CU350'),
('TR575',20,'2020-05-24 00:00:00','Ajie Gumelar',NULL,NULL,'selesai_pembayaran','2020-05-24','CU252'),
('TR576',12,'2020-05-24 00:00:00','Lia Garini',NULL,NULL,'selesai_pembayaran','2020-05-24','CU146'),
('TR577',5,'2020-05-24 00:00:00','Deni Gardara',NULL,NULL,'selesai_pembayaran','2020-05-24','CU494'),
('TR578',1,'2020-05-25 00:00:00','Deni Gardara',NULL,NULL,'selesai_pembayaran','2020-05-25','CU67'),
('TR579',6,'2020-05-25 00:00:00','Andre Gemani',NULL,NULL,'selesai_pembayaran','2020-05-25','CU333'),
('TR580',5,'2020-05-25 00:00:00','Hafid Jamal',NULL,NULL,'selesai_pembayaran','2020-05-25','CU208'),
('TR581',17,'2020-05-25 00:00:00','Kartika Gibran',NULL,NULL,'selesai_pembayaran','2020-05-25','CU451'),
('TR582',10,'2020-05-26 00:00:00','Rizki Danurdara',NULL,NULL,'selesai_pembayaran','2020-05-26','CU194'),
('TR583',17,'2020-05-26 00:00:00','Bayu Erina',NULL,NULL,'selesai_pembayaran','2020-05-26','CU130'),
('TR584',13,'2020-05-26 00:00:00','Retno Ginanita',NULL,NULL,'selesai_pembayaran','2020-05-26','CU218'),
('TR585',14,'2020-05-26 00:00:00','Rini Garini',NULL,NULL,'selesai_pembayaran','2020-05-26','CU462'),
('TR586',2,'2020-05-27 00:00:00','Kurniawan Kamajaya',NULL,NULL,'selesai_pembayaran','2020-05-27','CU311'),
('TR587',5,'2020-05-27 00:00:00','Yudi Ginanita',NULL,NULL,'selesai_pembayaran','2020-05-27','CU242'),
('TR588',6,'2020-05-27 00:00:00','Wulandari Endaru',NULL,NULL,'selesai_pembayaran','2020-05-27','CU288'),
('TR589',4,'2020-05-27 00:00:00','Femi Gardara',NULL,NULL,'selesai_pembayaran','2020-05-27','CU299'),
('TR590',4,'2020-05-28 00:00:00','Femi Gardara',NULL,NULL,'selesai_pembayaran','2020-05-28','CU76'),
('TR591',18,'2020-05-28 00:00:00','Andi Ganendra',NULL,NULL,'selesai_pembayaran','2020-05-28','CU243'),
('TR592',15,'2020-05-28 00:00:00','Aulia Janu',NULL,NULL,'selesai_pembayaran','2020-05-28','CU434'),
('TR593',8,'2020-05-28 00:00:00','Aulia Janu',NULL,NULL,'selesai_pembayaran','2020-05-28','CU61'),
('TR594',8,'2020-05-29 00:00:00','Ajie Gumelar',NULL,NULL,'selesai_pembayaran','2020-05-29','CU252'),
('TR595',2,'2020-05-29 00:00:00','Ari Gantari',NULL,NULL,'selesai_pembayaran','2020-05-29','CU228'),
('TR596',6,'2020-05-29 00:00:00','Ari Gantari',NULL,NULL,'selesai_pembayaran','2020-05-29','CU54'),
('TR597',20,'2020-05-29 00:00:00','Andi Gayatri',NULL,NULL,'selesai_pembayaran','2020-05-29','CU476'),
('TR598',11,'2020-05-30 00:00:00','Andi Gayatri',NULL,NULL,'selesai_pembayaran','2020-05-30','CU49'),
('TR599',17,'2020-05-30 00:00:00','Ajie Jaya',NULL,NULL,'selesai_pembayaran','2020-05-30','CU139'),
('TR600',8,'2020-05-30 00:00:00','Nurul Kamajaya',NULL,NULL,'selesai_pembayaran','2020-05-30','CU191'),
('TR601',13,'2020-05-30 00:00:00','Tika Gayatri',NULL,NULL,'selesai_pembayaran','2020-05-30','CU376'),
('TR602',8,'2020-06-01 00:00:00','Deni Dharma',NULL,NULL,'selesai_pembayaran','2020-06-01','CU423'),
('TR603',7,'2020-06-01 00:00:00','Bayu Diajeng',NULL,NULL,'selesai_pembayaran','2020-06-01','CU140'),
('TR604',14,'2020-06-01 00:00:00','Andy Ismoyono',NULL,NULL,'selesai_pembayaran','2020-06-01','CU360'),
('TR605',14,'2020-06-01 00:00:00','Andy Ismoyono',NULL,NULL,'selesai_pembayaran','2020-06-01','CU63'),
('TR606',12,'2020-06-02 00:00:00','Arya Jumanta',NULL,NULL,'selesai_pembayaran','2020-06-02','CU454'),
('TR607',17,'2020-06-02 00:00:00','Arya Jumanta',NULL,NULL,'selesai_pembayaran','2020-06-02','CU54'),
('TR608',19,'2020-06-02 00:00:00','Eko Endaru',NULL,NULL,'selesai_pembayaran','2020-06-02','CU444'),
('TR609',14,'2020-06-02 00:00:00','Tika Danurdara',NULL,NULL,'selesai_pembayaran','2020-06-02','CU439'),
('TR610',10,'2020-06-03 00:00:00','Wahyu Gemintang',NULL,NULL,'selesai_pembayaran','2020-06-03','CU350'),
('TR611',9,'2020-06-03 00:00:00','Utami Hanafi',NULL,NULL,'selesai_pembayaran','2020-06-03','CU193'),
('TR612',17,'2020-06-03 00:00:00','Utami Hanafi',NULL,NULL,'selesai_pembayaran','2020-06-03','CU12'),
('TR613',10,'2020-06-03 00:00:00','Rini Janu',NULL,NULL,'selesai_pembayaran','2020-06-03','CU493'),
('TR614',20,'2020-06-04 00:00:00','Annisa Garini',NULL,NULL,'selesai_pembayaran','2020-06-04','CU247'),
('TR615',12,'2020-06-04 00:00:00','Deni Ginanita',NULL,NULL,'selesai_pembayaran','2020-06-04','CU256'),
('TR616',12,'2020-06-04 00:00:00','Hafid Gantari',NULL,NULL,'selesai_pembayaran','2020-06-04','CU126'),
('TR617',4,'2020-06-04 00:00:00','Hafid Gantari',NULL,NULL,'selesai_pembayaran','2020-06-04','CU97'),
('TR618',10,'2020-06-05 00:00:00','Hafid Jamal',NULL,NULL,'selesai_pembayaran','2020-06-05','CU208'),
('TR619',7,'2020-06-05 00:00:00','Hafid Jamal',NULL,NULL,'selesai_pembayaran','2020-06-05','CU74'),
('TR620',9,'2020-06-05 00:00:00','Hafid Jamal',NULL,NULL,'selesai_pembayaran','2020-06-05','CU31'),
('TR621',19,'2020-06-05 00:00:00','Retno Jumanta',NULL,NULL,'selesai_pembayaran','2020-06-05','CU411'),
('TR622',12,'2020-06-06 00:00:00','Retno Jumanta',NULL,NULL,'selesai_pembayaran','2020-06-06','CU30'),
('TR623',19,'2020-06-06 00:00:00','Tika Ganendra',NULL,NULL,'selesai_pembayaran','2020-06-06','CU368'),
('TR624',8,'2020-06-06 00:00:00','Ajie Gempita',NULL,NULL,'selesai_pembayaran','2020-06-06','CU213'),
('TR625',7,'2020-06-06 00:00:00','Wahyu Isthika',NULL,NULL,'selesai_pembayaran','2020-06-06','CU240'),
('TR626',8,'2020-06-07 00:00:00','Sarah Ganesh',NULL,NULL,'selesai_pembayaran','2020-06-07','CU141'),
('TR627',20,'2020-06-07 00:00:00','Sarah Ganesh',NULL,NULL,'selesai_pembayaran','2020-06-07','CU11'),
('TR628',10,'2020-06-07 00:00:00','Eko Endaru',NULL,NULL,'selesai_pembayaran','2020-06-07','CU444'),
('TR629',18,'2020-06-07 00:00:00','Rizki Handaru',NULL,NULL,'selesai_pembayaran','2020-06-07','CU326'),
('TR630',8,'2020-06-08 00:00:00','Ilham Jatmika',NULL,NULL,'selesai_pembayaran','2020-06-08','CU197'),
('TR631',1,'2020-06-08 00:00:00','Kurniawan Kamajaya',NULL,NULL,'selesai_pembayaran','2020-06-08','CU311'),
('TR632',6,'2020-06-08 00:00:00','Wahyu Diajeng',NULL,NULL,'selesai_pembayaran','2020-06-08','CU134'),
('TR633',13,'2020-06-08 00:00:00','Eko Gayatri',NULL,NULL,'selesai_pembayaran','2020-06-08','CU237'),
('TR634',4,'2020-06-09 00:00:00','Lia Danastri',NULL,NULL,'selesai_pembayaran','2020-06-09','CU301'),
('TR635',4,'2020-06-09 00:00:00','Lia Danastri',NULL,NULL,'selesai_pembayaran','2020-06-09','CU76'),
('TR636',17,'2020-06-09 00:00:00','Yudi Hapsari',NULL,NULL,'selesai_pembayaran','2020-06-09','CU239'),
('TR637',1,'2020-06-09 00:00:00','Wahyu Gemintang',NULL,NULL,'selesai_pembayaran','2020-06-09','CU350'),
('TR638',20,'2020-06-10 00:00:00','Wahyu Gemintang',NULL,NULL,'selesai_pembayaran','2020-06-10','CU3'),
('TR639',2,'2020-06-10 00:00:00','Lia Diajeng',NULL,NULL,'selesai_pembayaran','2020-06-10','CU399'),
('TR640',5,'2020-06-10 00:00:00','Lia Diajeng',NULL,NULL,'selesai_pembayaran','2020-06-10','CU52'),
('TR641',6,'2020-06-10 00:00:00','Eko Gentala',NULL,NULL,'selesai_pembayaran','2020-06-10','CU393'),
('TR642',4,'2020-06-11 00:00:00','Hadi Endaru',NULL,NULL,'selesai_pembayaran','2020-06-11','CU500'),
('TR643',20,'2020-06-11 00:00:00','Kartika Gibran',NULL,NULL,'selesai_pembayaran','2020-06-11','CU451'),
('TR644',17,'2020-06-11 00:00:00','Kartika Gibran',NULL,NULL,'selesai_pembayaran','2020-06-11','CU72'),
('TR645',13,'2020-06-11 00:00:00','Hadi Gemani',NULL,NULL,'selesai_pembayaran','2020-06-11','CU304'),
('TR646',8,'2020-06-12 00:00:00','Lia Hamdan',NULL,NULL,'selesai_pembayaran','2020-06-12','CU121'),
('TR647',10,'2020-06-12 00:00:00','Lia Hamdan',NULL,NULL,'selesai_pembayaran','2020-06-12','CU57'),
('TR648',12,'2020-06-12 00:00:00','Wulandari Karunia',NULL,NULL,'selesai_pembayaran','2020-06-12','CU498'),
('TR649',14,'2020-06-12 00:00:00','Sri Gardara',NULL,NULL,'selesai_pembayaran','2020-06-12','CU438'),
('TR650',8,'2020-06-13 00:00:00','Dito Hamdan',NULL,NULL,'selesai_pembayaran','2020-06-13','CU337'),
('TR651',9,'2020-06-13 00:00:00','Nurul Gempita',NULL,NULL,'selesai_pembayaran','2020-06-13','CU457'),
('TR652',5,'2020-06-13 00:00:00','Lestari Jaya',NULL,NULL,'selesai_pembayaran','2020-06-13','CU143'),
('TR653',9,'2020-06-13 00:00:00','Retno Garini',NULL,NULL,'selesai_pembayaran','2020-06-13','CU106'),
('TR654',1,'2020-06-14 00:00:00','Wulandari Martin',NULL,NULL,'selesai_pembayaran','2020-06-14','CU227'),
('TR655',9,'2020-06-14 00:00:00','Siti Ihsan',NULL,NULL,'selesai_pembayaran','2020-06-14','CU347'),
('TR656',5,'2020-06-14 00:00:00','Siti Ihsan',NULL,NULL,'selesai_pembayaran','2020-06-14','CU53'),
('TR657',2,'2020-06-14 00:00:00','Sri Jenaka',NULL,NULL,'selesai_pembayaran','2020-06-14','CU372'),
('TR658',14,'2020-06-15 00:00:00','Sri Jenaka',NULL,NULL,'selesai_pembayaran','2020-06-15','CU94'),
('TR659',5,'2020-06-15 00:00:00','Annisa Estiana',NULL,NULL,'selesai_pembayaran','2020-06-15','CU429'),
('TR660',8,'2020-06-15 00:00:00','Desi Karunia',NULL,NULL,'selesai_pembayaran','2020-06-15','CU308'),
('TR661',16,'2020-06-15 00:00:00','Wulandari Bagaskoro',NULL,NULL,'selesai_pembayaran','2020-06-15','CU486'),
('TR662',6,'2020-06-16 00:00:00','Lia Jamal',NULL,NULL,'selesai_pembayaran','2020-06-16','CU456'),
('TR663',1,'2020-06-16 00:00:00','Fajar Jatmika',NULL,NULL,'selesai_pembayaran','2020-06-16','CU279'),
('TR664',18,'2020-06-16 00:00:00','Sri Ganendra',NULL,NULL,'selesai_pembayaran','2020-06-16','CU192'),
('TR665',14,'2020-06-16 00:00:00','Femi Handaru',NULL,NULL,'selesai_pembayaran','2020-06-16','CU135'),
('TR666',4,'2020-06-17 00:00:00','Rizki Handaru',NULL,NULL,'selesai_pembayaran','2020-06-17','CU326'),
('TR667',6,'2020-06-17 00:00:00','Yudi Gemintang',NULL,NULL,'selesai_pembayaran','2020-06-17','CU481'),
('TR668',6,'2020-06-17 00:00:00','Sarah Estiana',NULL,NULL,'selesai_pembayaran','2020-06-17','CU205'),
('TR669',14,'2020-06-17 00:00:00','Sarah Estiana',NULL,NULL,'selesai_pembayaran','2020-06-17','CU50'),
('TR670',18,'2020-06-18 00:00:00','Sarah Estiana',NULL,NULL,'selesai_pembayaran','2020-06-18','CU96'),
('TR671',3,'2020-06-18 00:00:00','Nurul Bakti',NULL,NULL,'selesai_pembayaran','2020-06-18','CU375'),
('TR672',1,'2020-06-18 00:00:00','Rini Ginanita',NULL,NULL,'selesai_pembayaran','2020-06-18','CU249'),
('TR673',10,'2020-06-18 00:00:00','Wulandari Gemani',NULL,NULL,'selesai_pembayaran','2020-06-18','CU363'),
('TR674',20,'2020-06-19 00:00:00','Tika Gusti',NULL,NULL,'selesai_pembayaran','2020-06-19','CU148'),
('TR675',10,'2020-06-19 00:00:00','Tika Gusti',NULL,NULL,'selesai_pembayaran','2020-06-19','CU48'),
('TR676',7,'2020-06-19 00:00:00','Tika Gusti',NULL,NULL,'selesai_pembayaran','2020-06-19','CU81'),
('TR677',20,'2020-06-19 00:00:00','Tika Gusti',NULL,NULL,'selesai_pembayaran','2020-06-19','CU96'),
('TR678',2,'2020-06-20 00:00:00','Tika Gusti',NULL,NULL,'selesai_pembayaran','2020-06-20','CU92'),
('TR679',13,'2020-06-20 00:00:00','Fitri Intan',NULL,NULL,'selesai_pembayaran','2020-06-20','CU382'),
('TR680',6,'2020-06-20 00:00:00','Anthony Jumanta',NULL,NULL,'selesai_pembayaran','2020-06-20','CU416'),
('TR681',16,'2020-06-20 00:00:00','Retno Jatmika',NULL,NULL,'selesai_pembayaran','2020-06-20','CU461'),
('TR682',16,'2020-06-21 00:00:00','Retno Jatmika',NULL,NULL,'selesai_pembayaran','2020-06-21','CU5'),
('TR683',4,'2020-06-21 00:00:00','Fitri Hakim',NULL,NULL,'selesai_pembayaran','2020-06-21','CU452'),
('TR684',18,'2020-06-21 00:00:00','Fitri Hakim',NULL,NULL,'selesai_pembayaran','2020-06-21','CU36'),
('TR685',9,'2020-06-21 00:00:00','Andre Garini',NULL,NULL,'selesai_pembayaran','2020-06-21','CU111'),
('TR686',11,'2020-06-22 00:00:00','Retno Gusti',NULL,NULL,'selesai_pembayaran','2020-06-22','CU285'),
('TR687',13,'2020-06-22 00:00:00','Bayu Jenaka',NULL,NULL,'selesai_pembayaran','2020-06-22','CU413'),
('TR688',19,'2020-06-22 00:00:00','Maria Jumanta',NULL,NULL,'selesai_pembayaran','2020-06-22','CU276'),
('TR689',8,'2020-06-22 00:00:00','Maria Jumanta',NULL,NULL,'selesai_pembayaran','2020-06-22','CU17'),
('TR690',6,'2020-06-23 00:00:00','Kusuma Diajeng',NULL,NULL,'selesai_pembayaran','2020-06-23','CU332'),
('TR691',14,'2020-06-23 00:00:00','Kusuma Gahyaka',NULL,NULL,'selesai_pembayaran','2020-06-23','CU147'),
('TR692',20,'2020-06-23 00:00:00','Kartika Gahyaka',NULL,NULL,'selesai_pembayaran','2020-06-23','CU310'),
('TR693',12,'2020-06-23 00:00:00','Kartika Gahyaka',NULL,NULL,'selesai_pembayaran','2020-06-23','CU56'),
('TR694',20,'2020-06-24 00:00:00','Wulandari Handaru',NULL,NULL,'selesai_pembayaran','2020-06-24','CU271'),
('TR695',10,'2020-06-24 00:00:00','Bayu Diajeng',NULL,NULL,'selesai_pembayaran','2020-06-24','CU140'),
('TR696',17,'2020-06-24 00:00:00','Retno Ginanita',NULL,NULL,'selesai_pembayaran','2020-06-24','CU218'),
('TR697',8,'2020-06-24 00:00:00','Fitri Intan',NULL,NULL,'selesai_pembayaran','2020-06-24','CU382'),
('TR698',17,'2020-06-25 00:00:00','Yudi Jaya',NULL,NULL,'selesai_pembayaran','2020-06-25','CU294'),
('TR699',20,'2020-06-25 00:00:00','Lestari Jaya',NULL,NULL,'selesai_pembayaran','2020-06-25','CU143'),
('TR700',13,'2020-06-25 00:00:00','Lestari Jaya',NULL,NULL,'selesai_pembayaran','2020-06-25','CU60'),
('TR701',15,'2020-06-25 00:00:00','Fajar Garini',NULL,NULL,'selesai_pembayaran','2020-06-25','CU358'),
('TR702',7,'2020-06-26 00:00:00','Wulandari Halim',NULL,NULL,'selesai_pembayaran','2020-06-26','CU254'),
('TR703',1,'2020-06-26 00:00:00','Ika Gahyaka',NULL,NULL,'selesai_pembayaran','2020-06-26','CU109'),
('TR704',12,'2020-06-26 00:00:00','Sari Gemintang',NULL,NULL,'selesai_pembayaran','2020-06-26','CU270'),
('TR705',15,'2020-06-26 00:00:00','Tika Gusti',NULL,NULL,'selesai_pembayaran','2020-06-26','CU148'),
('TR706',13,'2020-06-27 00:00:00','Ika Galih',NULL,NULL,'selesai_pembayaran','2020-06-27','CU383'),
('TR707',9,'2020-06-27 00:00:00','Fajar Kamajaya',NULL,NULL,'selesai_pembayaran','2020-06-27','CU430'),
('TR708',1,'2020-06-27 00:00:00','Desi Gemani',NULL,NULL,'selesai_pembayaran','2020-06-27','CU223'),
('TR709',13,'2020-06-27 00:00:00','Tika Ganendra',NULL,NULL,'selesai_pembayaran','2020-06-27','CU368'),
('TR710',17,'2020-06-28 00:00:00','Wulandari Ihsan',NULL,NULL,'selesai_pembayaran','2020-06-28','CU472'),
('TR711',3,'2020-06-28 00:00:00','Wulandari Guritno',NULL,NULL,'selesai_pembayaran','2020-06-28','CU163'),
('TR712',2,'2020-06-28 00:00:00','Lia Gadhing',NULL,NULL,'selesai_pembayaran','2020-06-28','CU349'),
('TR713',6,'2020-06-28 00:00:00','Maya Ganesh',NULL,NULL,'selesai_pembayaran','2020-06-28','CU152'),
('TR714',13,'2020-06-29 00:00:00','Ika Diajeng',NULL,NULL,'selesai_pembayaran','2020-06-29','CU246'),
('TR715',5,'2020-06-29 00:00:00','Rizki Jenaka',NULL,NULL,'selesai_pembayaran','2020-06-29','CU306'),
('TR716',8,'2020-06-29 00:00:00','Rizki Jenaka',NULL,NULL,'selesai_pembayaran','2020-06-29','CU98'),
('TR717',18,'2020-06-29 00:00:00','Rizki Jenaka',NULL,NULL,'selesai_pembayaran','2020-06-29','CU96'),
('TR718',14,'2020-06-30 00:00:00','Kartika Bakti',NULL,NULL,'selesai_pembayaran','2020-06-30','CU435'),
('TR719',20,'2020-06-30 00:00:00','Ajie Gardara',NULL,NULL,'selesai_pembayaran','2020-06-30','CU404'),
('TR720',11,'2020-06-30 00:00:00','Rini Ginanita',NULL,NULL,'selesai_pembayaran','2020-06-30','CU249'),
('TR721',8,'2020-06-30 00:00:00','Sri Garini',NULL,NULL,'selesai_pembayaran','2020-06-30','CU102'),
('TR722',15,'2020-07-01 00:00:00','Ilham Martin',NULL,NULL,'selesai_pembayaran','2020-07-01','CU190'),
('TR723',16,'2020-07-01 00:00:00','Bayu Danastri',NULL,NULL,'selesai_pembayaran','2020-07-01','CU187'),
('TR724',3,'2020-07-01 00:00:00','Ilham Gantari',NULL,NULL,'selesai_pembayaran','2020-07-01','CU341'),
('TR725',10,'2020-07-01 00:00:00','Lestari Hakim',NULL,NULL,'selesai_pembayaran','2020-07-01','CU283'),
('TR726',13,'2020-07-02 00:00:00','Femi Gardara',NULL,NULL,'selesai_pembayaran','2020-07-02','CU299'),
('TR727',10,'2020-07-02 00:00:00','Bayu Erina',NULL,NULL,'selesai_pembayaran','2020-07-02','CU130'),
('TR728',8,'2020-07-02 00:00:00','Femi Ganendra',NULL,NULL,'selesai_pembayaran','2020-07-02','CU277'),
('TR729',17,'2020-07-02 00:00:00','Femi Ganendra',NULL,NULL,'selesai_pembayaran','2020-07-02','CU94'),
('TR730',9,'2020-07-03 00:00:00','Kurniawan Gemintang',NULL,NULL,'selesai_pembayaran','2020-07-03','CU292'),
('TR731',15,'2020-07-03 00:00:00','Reza Garini',NULL,NULL,'selesai_pembayaran','2020-07-03','CU200'),
('TR732',12,'2020-07-03 00:00:00','Wulandari Ismoyono',NULL,NULL,'selesai_pembayaran','2020-07-03','CU173'),
('TR733',20,'2020-07-03 00:00:00','Andi Gayatri',NULL,NULL,'selesai_pembayaran','2020-07-03','CU476'),
('TR734',20,'2020-07-04 00:00:00','Hadi Hamdan',NULL,NULL,'selesai_pembayaran','2020-07-04','CU487'),
('TR735',16,'2020-07-04 00:00:00','Arya Guritno',NULL,NULL,'selesai_pembayaran','2020-07-04','CU468'),
('TR736',16,'2020-07-04 00:00:00','Arya Guritno',NULL,NULL,'selesai_pembayaran','2020-07-04','CU7'),
('TR737',16,'2020-07-04 00:00:00','Retno Jumanta',NULL,NULL,'selesai_pembayaran','2020-07-04','CU411'),
('TR738',3,'2020-07-05 00:00:00','Rizki Gibran',NULL,NULL,'selesai_pembayaran','2020-07-05','CU250'),
('TR739',3,'2020-07-05 00:00:00','Rizki Gibran',NULL,NULL,'selesai_pembayaran','2020-07-05','CU47'),
('TR740',2,'2020-07-05 00:00:00','Lestari Jaya',NULL,NULL,'selesai_pembayaran','2020-07-05','CU143'),
('TR741',13,'2020-07-05 00:00:00','Lestari Kawindra',NULL,NULL,'selesai_pembayaran','2020-07-05','CU291'),
('TR742',10,'2020-07-06 00:00:00','Annisa Gusti',NULL,NULL,'selesai_pembayaran','2020-07-06','CU244'),
('TR743',13,'2020-07-06 00:00:00','Annisa Gusti',NULL,NULL,'selesai_pembayaran','2020-07-06','CU12'),
('TR744',7,'2020-07-06 00:00:00','Annisa Gusti',NULL,NULL,'selesai_pembayaran','2020-07-06','CU19'),
('TR745',11,'2020-07-06 00:00:00','Rini Martin',NULL,NULL,'selesai_pembayaran','2020-07-06','CU248'),
('TR746',17,'2020-07-07 00:00:00','Rini Martin',NULL,NULL,'selesai_pembayaran','2020-07-07','CU38'),
('TR747',7,'2020-07-07 00:00:00','Lestari Elok',NULL,NULL,'selesai_pembayaran','2020-07-07','CU482'),
('TR748',5,'2020-07-07 00:00:00','Rizki Hanafi',NULL,NULL,'selesai_pembayaran','2020-07-07','CU315'),
('TR749',15,'2020-07-07 00:00:00','Ari Hapsari',NULL,NULL,'selesai_pembayaran','2020-07-07','CU145'),
('TR750',19,'2020-07-08 00:00:00','Anthony Jumanta',NULL,NULL,'selesai_pembayaran','2020-07-08','CU416'),
('TR751',2,'2020-07-08 00:00:00','Anthony Jumanta',NULL,NULL,'selesai_pembayaran','2020-07-08','CU90'),
('TR752',9,'2020-07-08 00:00:00','Lia Hapsari',NULL,NULL,'selesai_pembayaran','2020-07-08','CU471'),
('TR753',20,'2020-07-08 00:00:00','Dito Gahyaka',NULL,NULL,'selesai_pembayaran','2020-07-08','CU122'),
('TR754',19,'2020-07-09 00:00:00','Dito Gahyaka',NULL,NULL,'selesai_pembayaran','2020-07-09','CU86'),
('TR755',13,'2020-07-09 00:00:00','Dito Gahyaka',NULL,NULL,'selesai_pembayaran','2020-07-09','CU36'),
('TR756',5,'2020-07-09 00:00:00','Nurul Gemani',NULL,NULL,'selesai_pembayaran','2020-07-09','CU405'),
('TR757',20,'2020-07-09 00:00:00','Kurniawan Kawindra',NULL,NULL,'selesai_pembayaran','2020-07-09','CU365'),
('TR758',20,'2020-07-10 00:00:00','Retno Janu',NULL,NULL,'selesai_pembayaran','2020-07-10','CU284'),
('TR759',2,'2020-07-10 00:00:00','Arya Gadhing',NULL,NULL,'selesai_pembayaran','2020-07-10','CU101'),
('TR760',7,'2020-07-10 00:00:00','Arya Halim',NULL,NULL,'selesai_pembayaran','2020-07-10','CU353'),
('TR761',18,'2020-07-10 00:00:00','Kurniawan Gemintang',NULL,NULL,'selesai_pembayaran','2020-07-10','CU292'),
('TR762',20,'2020-07-11 00:00:00','Tika Ganendra',NULL,NULL,'selesai_pembayaran','2020-07-11','CU368'),
('TR763',12,'2020-07-11 00:00:00','Arya Halim',NULL,NULL,'selesai_pembayaran','2020-07-11','CU353'),
('TR764',5,'2020-07-11 00:00:00','Retno Hakim',NULL,NULL,'selesai_pembayaran','2020-07-11','CU395'),
('TR765',14,'2020-07-11 00:00:00','Ajie Guinandra',NULL,NULL,'selesai_pembayaran','2020-07-11','CU327'),
('TR766',12,'2020-07-12 00:00:00','Andre Gemani',NULL,NULL,'selesai_pembayaran','2020-07-12','CU154'),
('TR767',1,'2020-07-12 00:00:00','Deni Hapsari',NULL,NULL,'selesai_pembayaran','2020-07-12','CU475'),
('TR768',6,'2020-07-12 00:00:00','Wahyu Diajeng',NULL,NULL,'selesai_pembayaran','2020-07-12','CU134'),
('TR769',17,'2020-07-12 00:00:00','Aulia Jatmika',NULL,NULL,'selesai_pembayaran','2020-07-12','CU263'),
('TR770',8,'2020-07-13 00:00:00','Maya Gusti',NULL,NULL,'selesai_pembayaran','2020-07-13','CU289'),
('TR771',20,'2020-07-13 00:00:00','Hadi Intan',NULL,NULL,'selesai_pembayaran','2020-07-13','CU116'),
('TR772',2,'2020-07-13 00:00:00','Wahyu Gardara',NULL,NULL,'selesai_pembayaran','2020-07-13','CU100'),
('TR773',7,'2020-07-13 00:00:00','Desi Gunawan',NULL,NULL,'selesai_pembayaran','2020-07-13','CU352'),
('TR774',18,'2020-07-14 00:00:00','Lestari Kawindra',NULL,NULL,'selesai_pembayaran','2020-07-14','CU291'),
('TR775',18,'2020-07-14 00:00:00','Sari Endaru',NULL,NULL,'selesai_pembayaran','2020-07-14','CU355'),
('TR776',12,'2020-07-14 00:00:00','Annisa Endaru',NULL,NULL,'selesai_pembayaran','2020-07-14','CU119'),
('TR777',19,'2020-07-14 00:00:00','Annisa Endaru',NULL,NULL,'selesai_pembayaran','2020-07-14','CU62'),
('TR778',6,'2020-07-15 00:00:00','Maya Hakim',NULL,NULL,'selesai_pembayaran','2020-07-15','CU104'),
('TR779',4,'2020-07-15 00:00:00','Ajie Gardara',NULL,NULL,'selesai_pembayaran','2020-07-15','CU404'),
('TR780',19,'2020-07-15 00:00:00','Rini Martin',NULL,NULL,'selesai_pembayaran','2020-07-15','CU248'),
('TR781',17,'2020-07-15 00:00:00','Rini Martin',NULL,NULL,'selesai_pembayaran','2020-07-15','CU59'),
('TR782',10,'2020-07-16 00:00:00','Lestari Hapsari',NULL,NULL,'selesai_pembayaran','2020-07-16','CU396'),
('TR783',10,'2020-07-16 00:00:00','Fajar Dharma',NULL,NULL,'selesai_pembayaran','2020-07-16','CU490'),
('TR784',18,'2020-07-16 00:00:00','Utami Kresna',NULL,NULL,'selesai_pembayaran','2020-07-16','CU230'),
('TR785',1,'2020-07-16 00:00:00','Kusuma Gentala',NULL,NULL,'selesai_pembayaran','2020-07-16','CU458'),
('TR786',6,'2020-07-17 00:00:00','Fajar Gempita',NULL,NULL,'selesai_pembayaran','2020-07-17','CU131'),
('TR787',13,'2020-07-17 00:00:00','Sari Endaru',NULL,NULL,'selesai_pembayaran','2020-07-17','CU355'),
('TR788',13,'2020-07-17 00:00:00','Sari Endaru',NULL,NULL,'selesai_pembayaran','2020-07-17','CU57'),
('TR789',20,'2020-07-17 00:00:00','Ika Galih',NULL,NULL,'selesai_pembayaran','2020-07-17','CU383'),
('TR790',16,'2020-07-18 00:00:00','Reza Handaru',NULL,NULL,'selesai_pembayaran','2020-07-18','CU268'),
('TR791',1,'2020-07-18 00:00:00','Wahyu Diajeng',NULL,NULL,'selesai_pembayaran','2020-07-18','CU134'),
('TR792',6,'2020-07-18 00:00:00','Dian Endang',NULL,NULL,'selesai_pembayaran','2020-07-18','CU133'),
('TR793',6,'2020-07-18 00:00:00','Kurniawan Kamajaya',NULL,NULL,'selesai_pembayaran','2020-07-18','CU311'),
('TR794',5,'2020-07-19 00:00:00','Utami Gardara',NULL,NULL,'selesai_pembayaran','2020-07-19','CU201'),
('TR795',10,'2020-07-19 00:00:00','Utami Gardara',NULL,NULL,'selesai_pembayaran','2020-07-19','CU22'),
('TR796',14,'2020-07-19 00:00:00','Ika Gahyaka',NULL,NULL,'selesai_pembayaran','2020-07-19','CU109'),
('TR797',12,'2020-07-19 00:00:00','Utami Ganendra',NULL,NULL,'selesai_pembayaran','2020-07-19','CU359'),
('TR798',13,'2020-07-20 00:00:00','Kusuma Diajeng',NULL,NULL,'selesai_pembayaran','2020-07-20','CU332'),
('TR799',17,'2020-07-20 00:00:00','Kusuma Diajeng',NULL,NULL,'selesai_pembayaran','2020-07-20','CU70'),
('TR800',20,'2020-07-20 00:00:00','Lia Jaya',NULL,NULL,'selesai_pembayaran','2020-07-20','CU344'),
('TR801',2,'2020-07-20 00:00:00','Andy Hakim',NULL,NULL,'selesai_pembayaran','2020-07-20','CU402'),
('TR802',2,'2020-07-21 00:00:00','Andy Hakim',NULL,NULL,'selesai_pembayaran','2020-07-21','CU35'),
('TR803',5,'2020-07-21 00:00:00','Andy Hakim',NULL,NULL,'selesai_pembayaran','2020-07-21','CU41'),
('TR804',19,'2020-07-21 00:00:00','Anthony Erina',NULL,NULL,'selesai_pembayaran','2020-07-21','CU465'),
('TR805',15,'2020-07-21 00:00:00','Fitri Hakim',NULL,NULL,'selesai_pembayaran','2020-07-21','CU452'),
('TR806',20,'2020-07-22 00:00:00','Retno Jumanta',NULL,NULL,'selesai_pembayaran','2020-07-22','CU411'),
('TR807',7,'2020-07-22 00:00:00','Ari Gantari',NULL,NULL,'selesai_pembayaran','2020-07-22','CU228'),
('TR808',6,'2020-07-22 00:00:00','Utami Gadhing',NULL,NULL,'selesai_pembayaran','2020-07-22','CU127'),
('TR809',14,'2020-07-22 00:00:00','Sari Endaru',NULL,NULL,'selesai_pembayaran','2020-07-22','CU355'),
('TR810',2,'2020-07-23 00:00:00','Annisa Garini',NULL,NULL,'selesai_pembayaran','2020-07-23','CU107'),
('TR811',4,'2020-07-23 00:00:00','Andre Garini',NULL,NULL,'selesai_pembayaran','2020-07-23','CU339'),
('TR812',2,'2020-07-23 00:00:00','Fajar Ismoyono',NULL,NULL,'selesai_pembayaran','2020-07-23','CU467'),
('TR813',18,'2020-07-23 00:00:00','Andre Gibran',NULL,NULL,'selesai_pembayaran','2020-07-23','CU314'),
('TR814',18,'2020-07-24 00:00:00','Anthony Elok',NULL,NULL,'selesai_pembayaran','2020-07-24','CU253'),
('TR815',3,'2020-07-24 00:00:00','Rini Kawindra',NULL,NULL,'selesai_pembayaran','2020-07-24','CU480'),
('TR816',2,'2020-07-24 00:00:00','Ilham Gantari',NULL,NULL,'selesai_pembayaran','2020-07-24','CU341'),
('TR817',7,'2020-07-24 00:00:00','Maya Ganesh',NULL,NULL,'selesai_pembayaran','2020-07-24','CU152'),
('TR818',7,'2020-07-25 00:00:00','Ilham Kresna',NULL,NULL,'selesai_pembayaran','2020-07-25','CU324'),
('TR819',19,'2020-07-25 00:00:00','Sari Hamdan',NULL,NULL,'selesai_pembayaran','2020-07-25','CU282'),
('TR820',11,'2020-07-25 00:00:00','Aulia Ihsan',NULL,NULL,'selesai_pembayaran','2020-07-25','CU427'),
('TR821',4,'2020-07-25 00:00:00','Aulia Ihsan',NULL,NULL,'selesai_pembayaran','2020-07-25','CU80'),
('TR822',4,'2020-07-26 00:00:00','Andy Gunawan',NULL,NULL,'selesai_pembayaran','2020-07-26','CU167'),
('TR823',19,'2020-07-26 00:00:00','Eko Endaru',NULL,NULL,'selesai_pembayaran','2020-07-26','CU444'),
('TR824',12,'2020-07-26 00:00:00','Anthony Endang',NULL,NULL,'selesai_pembayaran','2020-07-26','CU431'),
('TR825',2,'2020-07-26 00:00:00','Retno Hapsari',NULL,NULL,'selesai_pembayaran','2020-07-26','CU186'),
('TR826',6,'2020-07-27 00:00:00','Andre Gemani',NULL,NULL,'selesai_pembayaran','2020-07-27','CU154'),
('TR827',12,'2020-07-27 00:00:00','Fajar Kamajaya',NULL,NULL,'selesai_pembayaran','2020-07-27','CU241'),
('TR828',6,'2020-07-27 00:00:00','Desi Gardara',NULL,NULL,'selesai_pembayaran','2020-07-27','CU198'),
('TR829',2,'2020-07-27 00:00:00','Desi Gardara',NULL,NULL,'selesai_pembayaran','2020-07-27','CU92'),
('TR830',6,'2020-07-28 00:00:00','Hafid Guinandra',NULL,NULL,'selesai_pembayaran','2020-07-28','CU455'),
('TR831',8,'2020-07-28 00:00:00','Sri Kresna',NULL,NULL,'selesai_pembayaran','2020-07-28','CU322'),
('TR832',20,'2020-07-28 00:00:00','Sri Kresna',NULL,NULL,'selesai_pembayaran','2020-07-28','CU15'),
('TR833',20,'2020-07-28 00:00:00','Yudi Gardara',NULL,NULL,'selesai_pembayaran','2020-07-28','CU389'),
('TR834',12,'2020-07-29 00:00:00','Rizki Gibran',NULL,NULL,'selesai_pembayaran','2020-07-29','CU250'),
('TR835',13,'2020-07-29 00:00:00','Annisa Gusti',NULL,NULL,'selesai_pembayaran','2020-07-29','CU244'),
('TR836',18,'2020-07-29 00:00:00','Utami Kawindra',NULL,NULL,'selesai_pembayaran','2020-07-29','CU384'),
('TR837',4,'2020-07-29 00:00:00','Utami Kawindra',NULL,NULL,'selesai_pembayaran','2020-07-29','CU88'),
('TR838',11,'2020-07-30 00:00:00','Rio Hanafi',NULL,NULL,'selesai_pembayaran','2020-07-30','CU207'),
('TR839',18,'2020-07-30 00:00:00','Ika Bakti',NULL,NULL,'selesai_pembayaran','2020-07-30','CU142'),
('TR840',12,'2020-07-30 00:00:00','Rizki Handaru',NULL,NULL,'selesai_pembayaran','2020-07-30','CU326'),
('TR841',10,'2020-07-30 00:00:00','Fitri Hapsari',NULL,NULL,'selesai_pembayaran','2020-07-30','CU418'),
('TR842',9,'2020-08-01 00:00:00','Rini Janu',NULL,NULL,'selesai_pembayaran','2020-08-01','CU493'),
('TR843',16,'2020-08-01 00:00:00','Nurul Endang',NULL,NULL,'selesai_pembayaran','2020-08-01','CU108'),
('TR844',17,'2020-08-01 00:00:00','Sari Guritno',NULL,NULL,'selesai_pembayaran','2020-08-01','CU113'),
('TR845',7,'2020-08-01 00:00:00','Maria Jaya',NULL,NULL,'selesai_pembayaran','2020-08-01','CU175'),
('TR846',20,'2020-08-02 00:00:00','Dian Jumanta',NULL,NULL,'selesai_pembayaran','2020-08-02','CU295'),
('TR847',7,'2020-08-02 00:00:00','Dian Jumanta',NULL,NULL,'selesai_pembayaran','2020-08-02','CU21'),
('TR848',9,'2020-08-02 00:00:00','Eko Gayatri',NULL,NULL,'selesai_pembayaran','2020-08-02','CU237'),
('TR849',18,'2020-08-02 00:00:00','Ari Hanafi',NULL,NULL,'selesai_pembayaran','2020-08-02','CU313'),
('TR850',7,'2020-08-03 00:00:00','Lia Danastri',NULL,NULL,'selesai_pembayaran','2020-08-03','CU301'),
('TR851',20,'2020-08-03 00:00:00','Sari Hakim',NULL,NULL,'selesai_pembayaran','2020-08-03','CU392'),
('TR852',12,'2020-08-03 00:00:00','Ika Diajeng',NULL,NULL,'selesai_pembayaran','2020-08-03','CU246'),
('TR853',16,'2020-08-03 00:00:00','Deni Danurdara',NULL,NULL,'selesai_pembayaran','2020-08-03','CU144'),
('TR854',16,'2020-08-04 00:00:00','Deni Danurdara',NULL,NULL,'selesai_pembayaran','2020-08-04','CU12'),
('TR855',19,'2020-08-04 00:00:00','Fajar Kamajaya',NULL,NULL,'selesai_pembayaran','2020-08-04','CU430'),
('TR856',15,'2020-08-04 00:00:00','Fajar Kamajaya',NULL,NULL,'selesai_pembayaran','2020-08-04','CU52'),
('TR857',2,'2020-08-04 00:00:00','Femi Jumanta',NULL,NULL,'selesai_pembayaran','2020-08-04','CU118'),
('TR858',13,'2020-08-05 00:00:00','Femi Ganendra',NULL,NULL,'selesai_pembayaran','2020-08-05','CU277'),
('TR859',2,'2020-08-05 00:00:00','Utami Hanafi',NULL,NULL,'selesai_pembayaran','2020-08-05','CU193'),
('TR860',8,'2020-08-05 00:00:00','Rizki Janu',NULL,NULL,'selesai_pembayaran','2020-08-05','CU166'),
('TR861',2,'2020-08-05 00:00:00','Reza Indira',NULL,NULL,'selesai_pembayaran','2020-08-05','CU415'),
('TR862',14,'2020-08-06 00:00:00','Dinda Kawindra',NULL,NULL,'selesai_pembayaran','2020-08-06','CU385'),
('TR863',15,'2020-08-06 00:00:00','Dinda Kawindra',NULL,NULL,'selesai_pembayaran','2020-08-06','CU81'),
('TR864',12,'2020-08-06 00:00:00','Dinda Kawindra',NULL,NULL,'selesai_pembayaran','2020-08-06','CU74'),
('TR865',20,'2020-08-06 00:00:00','Arya Gibran',NULL,NULL,'selesai_pembayaran','2020-08-06','CU162'),
('TR866',6,'2020-08-07 00:00:00','Anthony Jumanta',NULL,NULL,'selesai_pembayaran','2020-08-07','CU416'),
('TR867',11,'2020-08-07 00:00:00','Aulia Janu',NULL,NULL,'selesai_pembayaran','2020-08-07','CU434'),
('TR868',8,'2020-08-07 00:00:00','Deni Gardara',NULL,NULL,'selesai_pembayaran','2020-08-07','CU494'),
('TR869',13,'2020-08-07 00:00:00','Yudi Handaru',NULL,NULL,'selesai_pembayaran','2020-08-07','CU479'),
('TR870',12,'2020-08-08 00:00:00','Lestari Guinandra',NULL,NULL,'selesai_pembayaran','2020-08-08','CU149'),
('TR871',9,'2020-08-08 00:00:00','Lestari Guinandra',NULL,NULL,'selesai_pembayaran','2020-08-08','CU18'),
('TR872',14,'2020-08-08 00:00:00','Hadi Martin',NULL,NULL,'selesai_pembayaran','2020-08-08','CU495'),
('TR873',6,'2020-08-08 00:00:00','Maria Bakti',NULL,NULL,'selesai_pembayaran','2020-08-08','CU231'),
('TR874',13,'2020-08-09 00:00:00','Eko Isthika',NULL,NULL,'selesai_pembayaran','2020-08-09','CU441'),
('TR875',1,'2020-08-09 00:00:00','Dian Jumanta',NULL,NULL,'selesai_pembayaran','2020-08-09','CU295'),
('TR876',5,'2020-08-09 00:00:00','Hafid Gantari',NULL,NULL,'selesai_pembayaran','2020-08-09','CU126'),
('TR877',13,'2020-08-09 00:00:00','Tyas Karunia',NULL,NULL,'selesai_pembayaran','2020-08-09','CU236'),
('TR878',12,'2020-08-10 00:00:00','Lia Jaya',NULL,NULL,'selesai_pembayaran','2020-08-10','CU344'),
('TR879',8,'2020-08-10 00:00:00','Retno Jumanta',NULL,NULL,'selesai_pembayaran','2020-08-10','CU411'),
('TR880',20,'2020-08-10 00:00:00','Fitri Endang',NULL,NULL,'selesai_pembayaran','2020-08-10','CU210'),
('TR881',18,'2020-08-10 00:00:00','Fitri Gardara',NULL,NULL,'selesai_pembayaran','2020-08-10','CU278'),
('TR882',4,'2020-08-11 00:00:00','Indra Jamal',NULL,NULL,'selesai_pembayaran','2020-08-11','CU386'),
('TR883',16,'2020-08-11 00:00:00','Mila Garini',NULL,NULL,'selesai_pembayaran','2020-08-11','CU338'),
('TR884',3,'2020-08-11 00:00:00','Hafid Elok',NULL,NULL,'selesai_pembayaran','2020-08-11','CU448'),
('TR885',6,'2020-08-11 00:00:00','Fitri Isthika',NULL,NULL,'selesai_pembayaran','2020-08-11','CU463'),
('TR886',15,'2020-08-12 00:00:00','Lia Jenaka',NULL,NULL,'selesai_pembayaran','2020-08-12','CU251'),
('TR887',15,'2020-08-12 00:00:00','Lia Jenaka',NULL,NULL,'selesai_pembayaran','2020-08-12','CU95'),
('TR888',6,'2020-08-12 00:00:00','Lia Jenaka',NULL,NULL,'selesai_pembayaran','2020-08-12','CU50'),
('TR889',19,'2020-08-12 00:00:00','Lia Jenaka',NULL,NULL,'selesai_pembayaran','2020-08-12','CU80'),
('TR890',18,'2020-08-13 00:00:00','Lia Jenaka',NULL,NULL,'selesai_pembayaran','2020-08-13','CU63'),
('TR891',3,'2020-08-13 00:00:00','Wulandari Ihsan',NULL,NULL,'selesai_pembayaran','2020-08-13','CU472'),
('TR892',14,'2020-08-13 00:00:00','Ajie Gardara',NULL,NULL,'selesai_pembayaran','2020-08-13','CU404'),
('TR893',5,'2020-08-13 00:00:00','Fitri Hapsari',NULL,NULL,'selesai_pembayaran','2020-08-13','CU419'),
('TR894',11,'2020-08-14 00:00:00','Anthony Hapsari',NULL,NULL,'selesai_pembayaran','2020-08-14','CU323'),
('TR895',20,'2020-08-14 00:00:00','Sari Endaru',NULL,NULL,'selesai_pembayaran','2020-08-14','CU355'),
('TR896',11,'2020-08-14 00:00:00','Ilham Gantari',NULL,NULL,'selesai_pembayaran','2020-08-14','CU341'),
('TR897',4,'2020-08-14 00:00:00','Wulandari Handaru',NULL,NULL,'selesai_pembayaran','2020-08-14','CU271'),
('TR898',7,'2020-08-15 00:00:00','Wulandari Handaru',NULL,NULL,'selesai_pembayaran','2020-08-15','CU81'),
('TR899',18,'2020-08-15 00:00:00','Wulandari Handaru',NULL,NULL,'selesai_pembayaran','2020-08-15','CU89'),
('TR900',19,'2020-08-15 00:00:00','Rini Garini',NULL,NULL,'selesai_pembayaran','2020-08-15','CU462'),
('TR901',19,'2020-08-15 00:00:00','Andi Gayatri',NULL,NULL,'selesai_pembayaran','2020-08-15','CU476'),
('TR902',1,'2020-08-16 00:00:00','Wahyu Danurdara',NULL,NULL,'selesai_pembayaran','2020-08-16','CU377'),
('TR903',16,'2020-08-16 00:00:00','Bayu Diajeng',NULL,NULL,'selesai_pembayaran','2020-08-16','CU381'),
('TR904',1,'2020-08-16 00:00:00','Andre Garini',NULL,NULL,'selesai_pembayaran','2020-08-16','CU339'),
('TR905',2,'2020-08-16 00:00:00','Andre Garini',NULL,NULL,'selesai_pembayaran','2020-08-16','CU10'),
('TR906',3,'2020-08-17 00:00:00','Bayu Erina',NULL,NULL,'selesai_pembayaran','2020-08-17','CU130'),
('TR907',9,'2020-08-17 00:00:00','Sri Jenaka',NULL,NULL,'selesai_pembayaran','2020-08-17','CU372'),
('TR908',16,'2020-08-17 00:00:00','Lestari Karunia',NULL,NULL,'selesai_pembayaran','2020-08-17','CU397'),
('TR909',14,'2020-08-17 00:00:00','Wulandari Gadhing',NULL,NULL,'selesai_pembayaran','2020-08-17','CU195'),
('TR910',3,'2020-08-18 00:00:00','Annisa Endaru',NULL,NULL,'selesai_pembayaran','2020-08-18','CU119'),
('TR911',11,'2020-08-18 00:00:00','Hadi Martin',NULL,NULL,'selesai_pembayaran','2020-08-18','CU495'),
('TR912',17,'2020-08-18 00:00:00','Wulandari Jumanta',NULL,NULL,'selesai_pembayaran','2020-08-18','CU343'),
('TR913',1,'2020-08-18 00:00:00','Wulandari Jumanta',NULL,NULL,'selesai_pembayaran','2020-08-18','CU52'),
('TR914',17,'2020-08-19 00:00:00','Mila Gentala',NULL,NULL,'selesai_pembayaran','2020-08-19','CU388'),
('TR915',12,'2020-08-19 00:00:00','Ajie Gardara',NULL,NULL,'selesai_pembayaran','2020-08-19','CU404'),
('TR916',4,'2020-08-19 00:00:00','Bayu Danastri',NULL,NULL,'selesai_pembayaran','2020-08-19','CU187'),
('TR917',10,'2020-08-19 00:00:00','Ajie Kawindra',NULL,NULL,'selesai_pembayaran','2020-08-19','CU401'),
('TR918',2,'2020-08-20 00:00:00','Wahyu Jatmika',NULL,NULL,'selesai_pembayaran','2020-08-20','CU443'),
('TR919',19,'2020-08-20 00:00:00','Ajie Diajeng',NULL,NULL,'selesai_pembayaran','2020-08-20','CU309'),
('TR920',20,'2020-08-20 00:00:00','Sri Jenaka',NULL,NULL,'selesai_pembayaran','2020-08-20','CU372'),
('TR921',18,'2020-08-20 00:00:00','Femi Ganendra',NULL,NULL,'selesai_pembayaran','2020-08-20','CU277'),
('TR922',8,'2020-08-21 00:00:00','Sari Ganendra',NULL,NULL,'selesai_pembayaran','2020-08-21','CU407'),
('TR923',6,'2020-08-21 00:00:00','Andi Ganendra',NULL,NULL,'selesai_pembayaran','2020-08-21','CU243'),
('TR924',14,'2020-08-21 00:00:00','Kartika Gibran',NULL,NULL,'selesai_pembayaran','2020-08-21','CU451'),
('TR925',13,'2020-08-21 00:00:00','Sri Jenaka',NULL,NULL,'selesai_pembayaran','2020-08-21','CU372'),
('TR926',2,'2020-08-22 00:00:00','Sri Jenaka',NULL,NULL,'selesai_pembayaran','2020-08-22','CU4'),
('TR927',19,'2020-08-22 00:00:00','Dito Karunia',NULL,NULL,'selesai_pembayaran','2020-08-22','CU220'),
('TR928',15,'2020-08-22 00:00:00','Maria Gemani',NULL,NULL,'selesai_pembayaran','2020-08-22','CU151'),
('TR929',11,'2020-08-22 00:00:00','Sri Jenaka',NULL,NULL,'selesai_pembayaran','2020-08-22','CU372'),
('TR930',11,'2020-08-23 00:00:00','Ajie Gempita',NULL,NULL,'selesai_pembayaran','2020-08-23','CU213'),
('TR931',7,'2020-08-23 00:00:00','Nurul Kamajaya',NULL,NULL,'selesai_pembayaran','2020-08-23','CU191'),
('TR932',3,'2020-08-23 00:00:00','Sarah Estiana',NULL,NULL,'selesai_pembayaran','2020-08-23','CU205'),
('TR933',8,'2020-08-23 00:00:00','Wulandari Ganendra',NULL,NULL,'selesai_pembayaran','2020-08-23','CU170'),
('TR934',15,'2020-08-24 00:00:00','Wahyu Danurdara',NULL,NULL,'selesai_pembayaran','2020-08-24','CU377'),
('TR935',4,'2020-08-24 00:00:00','Hafid Gantari',NULL,NULL,'selesai_pembayaran','2020-08-24','CU126'),
('TR936',12,'2020-08-24 00:00:00','Hafid Gantari',NULL,NULL,'selesai_pembayaran','2020-08-24','CU4'),
('TR937',12,'2020-08-24 00:00:00','Anthony Endang',NULL,NULL,'selesai_pembayaran','2020-08-24','CU431'),
('TR938',15,'2020-08-25 00:00:00','Lestari Jaya',NULL,NULL,'selesai_pembayaran','2020-08-25','CU143'),
('TR939',4,'2020-08-25 00:00:00','Ika Jatmika',NULL,NULL,'selesai_pembayaran','2020-08-25','CU330'),
('TR940',6,'2020-08-25 00:00:00','Hadi Hamdan',NULL,NULL,'selesai_pembayaran','2020-08-25','CU487'),
('TR941',19,'2020-08-25 00:00:00','Wulandari Isthika',NULL,NULL,'selesai_pembayaran','2020-08-25','CU280'),
('TR942',14,'2020-08-26 00:00:00','Tika Danurdara',NULL,NULL,'selesai_pembayaran','2020-08-26','CU439'),
('TR943',5,'2020-08-26 00:00:00','Femi Gantari',NULL,NULL,'selesai_pembayaran','2020-08-26','CU318'),
('TR944',4,'2020-08-26 00:00:00','Femi Gantari',NULL,NULL,'selesai_pembayaran','2020-08-26','CU85'),
('TR945',17,'2020-08-26 00:00:00','Fajar Kamajaya',NULL,NULL,'selesai_pembayaran','2020-08-26','CU241'),
('TR946',14,'2020-08-27 00:00:00','Andre Gibran',NULL,NULL,'selesai_pembayaran','2020-08-27','CU314'),
('TR947',17,'2020-08-27 00:00:00','Kurniawan Gemintang',NULL,NULL,'selesai_pembayaran','2020-08-27','CU292'),
('TR948',14,'2020-08-27 00:00:00','Tyas Gemani',NULL,NULL,'selesai_pembayaran','2020-08-27','CU219'),
('TR949',6,'2020-08-27 00:00:00','Tyas Gemani',NULL,NULL,'selesai_pembayaran','2020-08-27','CU31'),
('TR950',7,'2020-08-28 00:00:00','Lia Hamdan',NULL,NULL,'selesai_pembayaran','2020-08-28','CU121'),
('TR951',2,'2020-08-28 00:00:00','Lia Hamdan',NULL,NULL,'selesai_pembayaran','2020-08-28','CU11'),
('TR952',20,'2020-08-28 00:00:00','Hadi Intan',NULL,NULL,'selesai_pembayaran','2020-08-28','CU116'),
('TR953',1,'2020-08-28 00:00:00','Hadi Intan',NULL,NULL,'selesai_pembayaran','2020-08-28','CU97'),
('TR954',17,'2020-08-29 00:00:00','Lestari Kawindra',NULL,NULL,'selesai_pembayaran','2020-08-29','CU291'),
('TR955',2,'2020-08-29 00:00:00','Maria Gemani',NULL,NULL,'selesai_pembayaran','2020-08-29','CU151'),
('TR956',5,'2020-08-29 00:00:00','Mila Martin',NULL,NULL,'selesai_pembayaran','2020-08-29','CU245'),
('TR957',6,'2020-08-29 00:00:00','Rini Elok',NULL,NULL,'selesai_pembayaran','2020-08-29','CU293'),
('TR958',15,'2020-08-30 00:00:00','Andy Ismoyono',NULL,NULL,'selesai_pembayaran','2020-08-30','CU360'),
('TR959',18,'2020-08-30 00:00:00','Reza Garini',NULL,NULL,'selesai_pembayaran','2020-08-30','CU200'),
('TR960',19,'2020-08-30 00:00:00','Reza Garini',NULL,NULL,'selesai_pembayaran','2020-08-30','CU51'),
('TR961',18,'2020-08-30 00:00:00','Wulandari Gahyaka',NULL,NULL,'selesai_pembayaran','2020-08-30','CU165'),
('TR962',4,'2020-09-01 00:00:00','Femi Karunia',NULL,NULL,'selesai_pembayaran','2020-09-01','CU179'),
('TR963',10,'2020-09-01 00:00:00','Andi Ismoyono',NULL,NULL,'selesai_pembayaran','2020-09-01','CU400'),
('TR964',11,'2020-09-01 00:00:00','Hadi Martin',NULL,NULL,'selesai_pembayaran','2020-09-01','CU495'),
('TR965',10,'2020-09-01 00:00:00','Lestari Intan',NULL,NULL,'selesai_pembayaran','2020-09-01','CU302'),
('TR966',8,'2020-09-02 00:00:00','Sari Hamdan',NULL,NULL,'selesai_pembayaran','2020-09-02','CU282'),
('TR967',3,'2020-09-02 00:00:00','Bayu Erina',NULL,NULL,'selesai_pembayaran','2020-09-02','CU130'),
('TR968',18,'2020-09-02 00:00:00','Deni Dharma',NULL,NULL,'selesai_pembayaran','2020-09-02','CU423'),
('TR969',4,'2020-09-02 00:00:00','Fajar Guinandra',NULL,NULL,'selesai_pembayaran','2020-09-02','CU373'),
('TR970',6,'2020-09-03 00:00:00','Femi Ganendra',NULL,NULL,'selesai_pembayaran','2020-09-03','CU277'),
('TR971',2,'2020-09-03 00:00:00','Ajie Gusti',NULL,NULL,'selesai_pembayaran','2020-09-03','CU394'),
('TR972',14,'2020-09-03 00:00:00','Wulandari Bagaskoro',NULL,NULL,'selesai_pembayaran','2020-09-03','CU486'),
('TR973',17,'2020-09-03 00:00:00','Andi Ganendra',NULL,NULL,'selesai_pembayaran','2020-09-03','CU181'),
('TR974',3,'2020-09-04 00:00:00','Andi Ganendra',NULL,NULL,'selesai_pembayaran','2020-09-04','CU69'),
('TR975',5,'2020-09-04 00:00:00','Wulandari Gahyaka',NULL,NULL,'selesai_pembayaran','2020-09-04','CU165'),
('TR976',13,'2020-09-04 00:00:00','Wulandari Gahyaka',NULL,NULL,'selesai_pembayaran','2020-09-04','CU23'),
('TR977',13,'2020-09-04 00:00:00','Kartika Kawindra',NULL,NULL,'selesai_pembayaran','2020-09-04','CU447'),
('TR978',18,'2020-09-05 00:00:00','Lestari Hakim',NULL,NULL,'selesai_pembayaran','2020-09-05','CU283'),
('TR979',17,'2020-09-05 00:00:00','Sari Handaru',NULL,NULL,'selesai_pembayaran','2020-09-05','CU346'),
('TR980',17,'2020-09-05 00:00:00','Sari Handaru',NULL,NULL,'selesai_pembayaran','2020-09-05','CU29'),
('TR981',18,'2020-09-05 00:00:00','Desi Jenggala',NULL,NULL,'selesai_pembayaran','2020-09-05','CU428'),
('TR982',2,'2020-09-06 00:00:00','Reza Guritno',NULL,NULL,'selesai_pembayaran','2020-09-06','CU366'),
('TR983',16,'2020-09-06 00:00:00','Sri Garini',NULL,NULL,'selesai_pembayaran','2020-09-06','CU102'),
('TR984',20,'2020-09-06 00:00:00','Anthony Hanafi',NULL,NULL,'selesai_pembayaran','2020-09-06','CU129'),
('TR985',10,'2020-09-06 00:00:00','Anthony Hanafi',NULL,NULL,'selesai_pembayaran','2020-09-06','CU41'),
('TR986',13,'2020-09-07 00:00:00','Andre Garini',NULL,NULL,'selesai_pembayaran','2020-09-07','CU111'),
('TR987',9,'2020-09-07 00:00:00','Wulandari Martin',NULL,NULL,'selesai_pembayaran','2020-09-07','CU227'),
('TR988',1,'2020-09-07 00:00:00','Sri Kresna',NULL,NULL,'selesai_pembayaran','2020-09-07','CU322'),
('TR989',13,'2020-09-07 00:00:00','Sri Kresna',NULL,NULL,'selesai_pembayaran','2020-09-07','CU69'),
('TR990',2,'2020-09-08 00:00:00','Lia Diajeng',NULL,NULL,'selesai_pembayaran','2020-09-08','CU399'),
('TR991',8,'2020-09-08 00:00:00','Hafid Guinandra',NULL,NULL,'selesai_pembayaran','2020-09-08','CU455'),
('TR992',10,'2020-09-08 00:00:00','Hafid Guinandra',NULL,NULL,'selesai_pembayaran','2020-09-08','CU60'),
('TR993',19,'2020-09-08 00:00:00','Hafid Guinandra',NULL,NULL,'selesai_pembayaran','2020-09-08','CU40'),
('TR994',8,'2020-09-09 00:00:00','Dito Karunia',NULL,NULL,'selesai_pembayaran','2020-09-09','CU220'),
('TR995',20,'2020-09-09 00:00:00','Rizki Hanafi',NULL,NULL,'selesai_pembayaran','2020-09-09','CU315'),
('TR996',20,'2020-09-09 00:00:00','Mila Gumelar',NULL,NULL,'selesai_pembayaran','2020-09-09','CU491'),
('TR997',19,'2020-09-09 00:00:00','Femi Isthika',NULL,NULL,'selesai_pembayaran','2020-09-09','CU488'),
('TR998',16,'2020-09-10 00:00:00','Sari Endaru',NULL,NULL,'selesai_pembayaran','2020-09-10','CU355'),
('TR999',3,'2020-09-10 00:00:00','Tyas Danurdara',NULL,NULL,'selesai_pembayaran','2020-09-10','CU340');

/*Table structure for table `tb_transaksi` */

DROP TABLE IF EXISTS `tb_transaksi`;

CREATE TABLE `tb_transaksi` (
  `kd_transaksi` varchar(7) NOT NULL,
  `order_kd` varchar(7) NOT NULL,
  `user_kd` varchar(7) NOT NULL,
  `total_harga` int(11) NOT NULL,
  `tanggal` date NOT NULL,
  `waktu` timestamp NOT NULL DEFAULT CURRENT_TIMESTAMP,
  PRIMARY KEY (`kd_transaksi`),
  KEY `user_kd` (`user_kd`),
  KEY `order_kd` (`order_kd`)
) ENGINE=InnoDB DEFAULT CHARSET=latin1;

/*Data for the table `tb_transaksi` */

insert  into `tb_transaksi`(`kd_transaksi`,`order_kd`,`user_kd`,`total_harga`,`tanggal`,`waktu`) values 
('TA000','TR012','US005',29000,'0000-00-00','2020-10-23 20:45:48'),
('TA001','TR038','US005',8000,'0000-00-00','2020-10-23 20:45:48'),
('TA002','TR067','US005',28000,'0000-00-00','2020-10-23 20:45:48'),
('TA003','TR079','US005',5000,'0000-00-00','2020-10-23 20:45:48'),
('TA004','TR087','US005',28000,'0000-00-00','2020-10-23 20:45:48'),
('TA005','TR091','US005',8000,'0000-00-00','2020-10-23 20:45:48'),
('TA006','TR100','US005',56000,'0000-00-00','2020-10-23 20:45:48'),
('TA007','TR1049','US005',36000,'0000-00-00','2020-10-23 20:45:48'),
('TA008','TR1060','US005',54000,'0000-00-00','2020-10-23 20:45:48'),
('TA009','TR1067','US005',28000,'0000-00-00','2020-10-23 20:45:48'),
('TA010','TR1078','US005',40000,'0000-00-00','2020-10-23 20:45:48'),
('TA011','TR110','US005',13000,'0000-00-00','2020-10-23 20:45:48'),
('TA012','TR148','US005',44000,'0000-00-00','2020-10-23 20:45:48'),
('TA013','TR241','US005',28000,'0000-00-00','2020-10-23 20:45:48'),
('TA014','TR253','US005',26000,'0000-00-00','2020-10-23 20:45:48'),
('TA015','TR256','US005',26000,'0000-00-00','2020-10-23 20:45:48'),
('TA016','TR271','US005',30000,'0000-00-00','2020-10-23 20:45:48'),
('TA017','TR290','US005',16000,'0000-00-00','2020-10-23 20:45:48'),
('TA018','TR295','US005',70000,'0000-00-00','2020-10-23 20:45:48'),
('TA019','TR297','US005',8000,'0000-00-00','2020-10-23 20:45:49'),
('TA020','TR298','US005',64000,'0000-00-00','2020-10-23 20:45:49'),
('TA021','TR306','US005',16000,'0000-00-00','2020-10-23 20:45:50'),
('TA022','TR330','US005',13000,'0000-00-00','2020-10-23 20:45:50'),
('TA023','TR395','US005',28000,'0000-00-00','2020-10-23 20:45:50'),
('TA024','TR398','US005',26000,'0000-00-00','2020-10-23 20:45:50'),
('TA025','TR404','US005',10000,'0000-00-00','2020-10-23 20:45:50'),
('TA026','TR413','US005',52000,'0000-00-00','2020-10-23 20:45:50'),
('TA027','TR445','US005',16000,'0000-00-00','2020-10-23 20:45:50'),
('TA028','TR455','US005',28000,'0000-00-00','2020-10-23 20:45:50'),
('TA029','TR456','US005',15000,'0000-00-00','2020-10-23 20:45:50'),
('TA030','TR491','US005',56000,'0000-00-00','2020-10-23 20:45:50'),
('TA031','TR506','US005',10000,'0000-00-00','2020-10-23 20:45:50'),
('TA032','TR563','US005',38000,'0000-00-00','2020-10-23 20:45:50'),
('TA033','TR578','US005',30000,'0000-00-00','2020-10-23 20:45:50'),
('TA034','TR631','US005',16000,'0000-00-00','2020-10-23 20:45:50'),
('TA035','TR637','US005',5000,'0000-00-00','2020-10-23 20:45:50'),
('TA036','TR654','US005',5000,'0000-00-00','2020-10-23 20:45:50'),
('TA037','TR663','US005',12000,'0000-00-00','2020-10-23 20:45:50'),
('TA038','TR672','US005',30000,'0000-00-00','2020-10-23 20:45:50'),
('TA039','TR703','US005',13000,'0000-00-00','2020-10-23 20:45:50'),
('TA040','TR708','US005',28000,'0000-00-00','2020-10-23 20:45:50'),
('TA041','TR767','US005',28000,'0000-00-00','2020-10-23 20:45:50'),
('TA042','TR785','US005',24000,'0000-00-00','2020-10-23 20:45:50'),
('TA043','TR791','US005',10000,'0000-00-00','2020-10-23 20:45:50'),
('TA044','TR875','US005',60000,'0000-00-00','2020-10-23 20:45:51'),
('TA045','TR902','US005',14000,'0000-00-00','2020-10-23 20:45:51'),
('TA046','TR904','US005',58000,'0000-00-00','2020-10-23 20:45:51'),
('TA047','TR913','US005',32000,'0000-00-00','2020-10-23 20:45:51'),
('TA048','TR953','US005',30000,'0000-00-00','2020-10-23 20:45:51'),
('TA049','TR988','US005',16000,'0000-00-00','2020-10-23 20:45:51'),
('TA050','TR021','US005',52000,'0000-00-00','2020-10-23 20:45:51'),
('TA051','TR026','US005',13000,'0000-00-00','2020-10-23 20:45:51'),
('TA052','TR033','US005',20000,'0000-00-00','2020-10-23 20:45:51'),
('TA053','TR034','US005',20000,'0000-00-00','2020-10-23 20:45:51'),
('TA054','TR036','US005',36000,'0000-00-00','2020-10-23 20:45:51'),
('TA055','TR042','US005',24000,'0000-00-00','2020-10-23 20:45:51'),
('TA056','TR054','US005',60000,'0000-00-00','2020-10-23 20:45:51'),
('TA057','TR068','US005',24000,'0000-00-00','2020-10-23 20:45:51'),
('TA058','TR076','US005',22000,'0000-00-00','2020-10-23 20:45:51'),
('TA059','TR1001','US005',14000,'0000-00-00','2020-10-23 20:45:51'),
('TA060','TR103','US005',66000,'0000-00-00','2020-10-23 20:45:51'),
('TA061','TR1045','US005',14000,'0000-00-00','2020-10-23 20:45:51'),
('TA062','TR105','US005',38000,'0000-00-00','2020-10-23 20:45:51'),
('TA063','TR114','US005',16000,'0000-00-00','2020-10-23 20:45:51'),
('TA064','TR120','US005',46000,'0000-00-00','2020-10-23 20:45:51'),
('TA065','TR126','US005',18000,'0000-00-00','2020-10-23 20:45:51'),
('TA066','TR129','US005',21000,'0000-00-00','2020-10-23 20:45:51'),
('TA067','TR146','US005',14000,'0000-00-00','2020-10-23 20:45:51'),
('TA068','TR155','US005',21000,'0000-00-00','2020-10-23 20:45:51'),
('TA069','TR184','US005',32000,'0000-00-00','2020-10-23 20:45:51'),
('TA070','TR194','US005',48000,'0000-00-00','2020-10-23 20:45:51'),
('TA071','TR201','US005',28000,'0000-00-00','2020-10-23 20:45:51'),
('TA072','TR202','US005',26000,'0000-00-00','2020-10-23 20:45:51'),
('TA073','TR204','US005',16000,'0000-00-00','2020-10-23 20:45:51'),
('TA074','TR210','US005',56000,'0000-00-00','2020-10-23 20:45:51'),
('TA075','TR232','US005',16000,'0000-00-00','2020-10-23 20:45:52'),
('TA076','TR233','US005',42000,'0000-00-00','2020-10-23 20:45:52'),
('TA077','TR235','US005',12000,'0000-00-00','2020-10-23 20:45:52'),
('TA078','TR242','US005',32000,'0000-00-00','2020-10-23 20:45:52'),
('TA079','TR274','US005',18000,'0000-00-00','2020-10-23 20:45:52'),
('TA080','TR300','US005',28000,'0000-00-00','2020-10-23 20:45:52'),
('TA081','TR314','US005',32000,'0000-00-00','2020-10-23 20:45:53'),
('TA082','TR333','US005',48000,'0000-00-00','2020-10-23 20:45:53'),
('TA083','TR351','US005',5000,'0000-00-00','2020-10-23 20:45:53'),
('TA084','TR360','US005',24000,'0000-00-00','2020-10-23 20:45:53'),
('TA085','TR409','US005',28000,'0000-00-00','2020-10-23 20:45:53'),
('TA086','TR410','US005',34000,'0000-00-00','2020-10-23 20:45:53'),
('TA087','TR418','US005',8000,'0000-00-00','2020-10-23 20:45:54'),
('TA088','TR434','US005',22000,'0000-00-00','2020-10-23 20:45:54'),
('TA089','TR439','US005',28000,'0000-00-00','2020-10-23 20:45:54'),
('TA090','TR499','US005',22000,'0000-00-00','2020-10-23 20:45:54'),
('TA091','TR529','US005',8000,'0000-00-00','2020-10-23 20:45:54'),
('TA092','TR533','US005',25000,'0000-00-00','2020-10-23 20:45:54'),
('TA093','TR554','US005',10000,'0000-00-00','2020-10-23 20:45:55'),
('TA094','TR586','US005',28000,'0000-00-00','2020-10-23 20:45:55'),
('TA095','TR595','US005',14000,'0000-00-00','2020-10-23 20:45:55'),
('TA096','TR639','US005',14000,'0000-00-00','2020-10-23 20:45:55'),
('TA097','TR657','US005',14000,'0000-00-00','2020-10-23 20:45:55'),
('TA098','TR678','US005',29000,'0000-00-00','2020-10-23 20:45:55'),
('TA099','TR712','US005',14000,'0000-00-00','2020-10-23 20:45:56'),
('TA100','TR740','US005',54000,'0000-00-00','2020-10-23 20:45:56'),
('TA1000','TR993','US005',23000,'0000-00-00','2020-10-23 20:47:19'),
('TA1001','TR997','US005',14000,'0000-00-00','2020-10-23 20:47:19'),
('TA1002','TR004','US005',16000,'0000-00-00','2020-10-23 20:47:19'),
('TA1003','TR009','US005',8000,'0000-00-00','2020-10-23 20:47:19'),
('TA1004','TR035','US005',27000,'0000-00-00','2020-10-23 20:47:19'),
('TA1005','TR048','US005',32000,'0000-00-00','2020-10-23 20:47:19'),
('TA1006','TR061','US005',35000,'0000-00-00','2020-10-23 20:47:19'),
('TA1007','TR083','US005',32000,'0000-00-00','2020-10-23 20:47:19'),
('TA1008','TR084','US005',60000,'0000-00-00','2020-10-23 20:47:19'),
('TA1009','TR089','US005',28000,'0000-00-00','2020-10-23 20:47:19'),
('TA101','TR751','US005',15000,'0000-00-00','2020-10-23 20:45:56'),
('TA1010','TR102','US005',26000,'0000-00-00','2020-10-23 20:47:19'),
('TA1011','TR1034','US005',12000,'0000-00-00','2020-10-23 20:47:19'),
('TA1012','TR1037','US005',60000,'0000-00-00','2020-10-23 20:47:20'),
('TA1013','TR1057','US005',32000,'0000-00-00','2020-10-23 20:47:20'),
('TA1014','TR1077','US005',32000,'0000-00-00','2020-10-23 20:47:20'),
('TA1015','TR108','US005',14000,'0000-00-00','2020-10-23 20:47:20'),
('TA1016','TR121','US005',56000,'0000-00-00','2020-10-23 20:47:20'),
('TA1017','TR125','US005',18000,'0000-00-00','2020-10-23 20:47:20'),
('TA1018','TR151','US005',18000,'0000-00-00','2020-10-23 20:47:20'),
('TA1019','TR172','US005',20000,'0000-00-00','2020-10-23 20:47:20'),
('TA102','TR759','US005',54000,'0000-00-00','2020-10-23 20:45:56'),
('TA1020','TR189','US005',27000,'0000-00-00','2020-10-23 20:47:20'),
('TA1021','TR190','US005',26000,'0000-00-00','2020-10-23 20:47:20'),
('TA1022','TR197','US005',26000,'0000-00-00','2020-10-23 20:47:20'),
('TA1023','TR206','US005',13000,'0000-00-00','2020-10-23 20:47:20'),
('TA1024','TR214','US005',68000,'0000-00-00','2020-10-23 20:47:20'),
('TA1025','TR277','US005',40000,'0000-00-00','2020-10-23 20:47:20'),
('TA1026','TR316','US005',23000,'0000-00-00','2020-10-23 20:47:20'),
('TA1027','TR348','US005',15000,'0000-00-00','2020-10-23 20:47:20'),
('TA1028','TR352','US005',16000,'0000-00-00','2020-10-23 20:47:20'),
('TA1029','TR359','US005',14000,'0000-00-00','2020-10-23 20:47:20'),
('TA103','TR772','US005',18000,'0000-00-00','2020-10-23 20:45:56'),
('TA1030','TR365','US005',52000,'0000-00-00','2020-10-23 20:47:20'),
('TA1031','TR370','US005',18000,'0000-00-00','2020-10-23 20:47:20'),
('TA1032','TR374','US005',56000,'0000-00-00','2020-10-23 20:47:20'),
('TA1033','TR382','US005',13000,'0000-00-00','2020-10-23 20:47:20'),
('TA1034','TR384','US005',68000,'0000-00-00','2020-10-23 20:47:20'),
('TA1035','TR385','US005',28000,'0000-00-00','2020-10-23 20:47:20'),
('TA1036','TR393','US005',50000,'0000-00-00','2020-10-23 20:47:20'),
('TA1037','TR397','US005',20000,'0000-00-00','2020-10-23 20:47:20'),
('TA1038','TR421','US005',24000,'0000-00-00','2020-10-23 20:47:20'),
('TA1039','TR438','US005',30000,'0000-00-00','2020-10-23 20:47:21'),
('TA104','TR801','US005',54000,'0000-00-00','2020-10-23 20:45:57'),
('TA1040','TR463','US005',38000,'0000-00-00','2020-10-23 20:47:21'),
('TA1041','TR476','US005',12000,'0000-00-00','2020-10-23 20:47:21'),
('TA1042','TR509','US005',27000,'0000-00-00','2020-10-23 20:47:21'),
('TA1043','TR516','US005',16000,'0000-00-00','2020-10-23 20:47:21'),
('TA1044','TR543','US005',72000,'0000-00-00','2020-10-23 20:47:21'),
('TA1045','TR573','US005',28000,'0000-00-00','2020-10-23 20:47:21'),
('TA1046','TR575','US005',30000,'0000-00-00','2020-10-23 20:47:21'),
('TA1047','TR597','US005',16000,'0000-00-00','2020-10-23 20:47:22'),
('TA1048','TR614','US005',30000,'0000-00-00','2020-10-23 20:47:22'),
('TA1049','TR627','US005',16000,'0000-00-00','2020-10-23 20:47:22'),
('TA105','TR802','US005',14000,'0000-00-00','2020-10-23 20:45:57'),
('TA1050','TR638','US005',21000,'0000-00-00','2020-10-23 20:47:22'),
('TA1051','TR643','US005',10000,'0000-00-00','2020-10-23 20:47:22'),
('TA1052','TR674','US005',52000,'0000-00-00','2020-10-23 20:47:22'),
('TA1053','TR677','US005',14000,'0000-00-00','2020-10-23 20:47:22'),
('TA1054','TR692','US005',17000,'0000-00-00','2020-10-23 20:47:22'),
('TA1055','TR694','US005',12000,'0000-00-00','2020-10-23 20:47:22'),
('TA1056','TR699','US005',34000,'0000-00-00','2020-10-23 20:47:22'),
('TA1057','TR719','US005',16000,'0000-00-00','2020-10-23 20:47:22'),
('TA1058','TR733','US005',26000,'0000-00-00','2020-10-23 20:47:22'),
('TA1059','TR734','US005',20000,'0000-00-00','2020-10-23 20:47:22'),
('TA106','TR810','US005',56000,'0000-00-00','2020-10-23 20:45:57'),
('TA1060','TR753','US005',48000,'0000-00-00','2020-10-23 20:47:22'),
('TA1061','TR757','US005',20000,'0000-00-00','2020-10-23 20:47:22'),
('TA1062','TR758','US005',34000,'0000-00-00','2020-10-23 20:47:22'),
('TA1063','TR762','US005',28000,'0000-00-00','2020-10-23 20:47:22'),
('TA1064','TR771','US005',42000,'0000-00-00','2020-10-23 20:47:22'),
('TA1065','TR789','US005',18000,'0000-00-00','2020-10-23 20:47:22'),
('TA1066','TR800','US005',28000,'0000-00-00','2020-10-23 20:47:23'),
('TA1067','TR806','US005',28000,'0000-00-00','2020-10-23 20:47:23'),
('TA1068','TR832','US005',52000,'0000-00-00','2020-10-23 20:47:24'),
('TA1069','TR833','US005',10000,'0000-00-00','2020-10-23 20:47:24'),
('TA107','TR812','US005',12000,'0000-00-00','2020-10-23 20:45:57'),
('TA1070','TR846','US005',24000,'0000-00-00','2020-10-23 20:47:25'),
('TA1071','TR851','US005',26000,'0000-00-00','2020-10-23 20:47:25'),
('TA1072','TR865','US005',52000,'0000-00-00','2020-10-23 20:47:25'),
('TA1073','TR880','US005',32000,'0000-00-00','2020-10-23 20:47:25'),
('TA1074','TR895','US005',26000,'0000-00-00','2020-10-23 20:47:25'),
('TA1075','TR920','US005',8000,'0000-00-00','2020-10-23 20:47:25'),
('TA1076','TR952','US005',60000,'0000-00-00','2020-10-23 20:47:26'),
('TA1077','TR984','US005',24000,'0000-00-00','2020-10-23 20:47:26'),
('TA1078','TR995','US005',64000,'0000-00-00','2020-10-23 20:47:26'),
('TA1079','TR996','US005',24000,'0000-00-00','2020-10-23 20:47:26'),
('TA108','TR816','US005',70000,'0000-00-00','2020-10-23 20:45:57'),
('TA1080','TR1082','US005',5000,'2020-10-23','2020-10-24 03:09:36'),
('TA1081','TR1083','US001',5000,'2020-10-23','2020-10-24 03:38:26'),
('TA109','TR825','US005',26000,'0000-00-00','2020-10-23 20:45:57'),
('TA110','TR829','US005',28000,'0000-00-00','2020-10-23 20:45:57'),
('TA111','TR857','US005',12000,'0000-00-00','2020-10-23 20:45:57'),
('TA112','TR859','US005',30000,'0000-00-00','2020-10-23 20:45:58'),
('TA113','TR861','US005',28000,'0000-00-00','2020-10-23 20:45:58'),
('TA114','TR905','US005',34000,'0000-00-00','2020-10-23 20:45:58'),
('TA115','TR918','US005',16000,'0000-00-00','2020-10-23 20:45:58'),
('TA116','TR926','US005',30000,'0000-00-00','2020-10-23 20:45:58'),
('TA117','TR951','US005',14000,'0000-00-00','2020-10-23 20:45:58'),
('TA118','TR955','US005',26000,'0000-00-00','2020-10-23 20:45:58'),
('TA119','TR971','US005',16000,'0000-00-00','2020-10-23 20:45:58'),
('TA120','TR982','US005',70000,'0000-00-00','2020-10-23 20:45:58'),
('TA121','TR990','US005',13000,'0000-00-00','2020-10-23 20:45:58'),
('TA122','TR025','US005',19000,'0000-00-00','2020-10-23 20:45:58'),
('TA123','TR041','US005',32000,'0000-00-00','2020-10-23 20:45:58'),
('TA124','TR053','US005',38000,'0000-00-00','2020-10-23 20:45:58'),
('TA125','TR1013','US005',8000,'0000-00-00','2020-10-23 20:45:58'),
('TA126','TR1022','US005',36000,'0000-00-00','2020-10-23 20:45:58'),
('TA127','TR1024','US005',14000,'0000-00-00','2020-10-23 20:45:58'),
('TA128','TR1035','US005',32000,'0000-00-00','2020-10-23 20:45:58'),
('TA129','TR1042','US005',14000,'0000-00-00','2020-10-23 20:45:58'),
('TA130','TR1047','US005',56000,'0000-00-00','2020-10-23 20:45:58'),
('TA131','TR1048','US005',36000,'0000-00-00','2020-10-23 20:45:58'),
('TA132','TR1066','US005',30000,'0000-00-00','2020-10-23 20:45:58'),
('TA133','TR1069','US005',16000,'0000-00-00','2020-10-23 20:45:58'),
('TA134','TR107','US005',21000,'0000-00-00','2020-10-23 20:45:59'),
('TA135','TR117','US005',40000,'0000-00-00','2020-10-23 20:46:00'),
('TA136','TR135','US005',34000,'0000-00-00','2020-10-23 20:46:00'),
('TA137','TR145','US005',12000,'0000-00-00','2020-10-23 20:46:00'),
('TA138','TR154','US005',42000,'0000-00-00','2020-10-23 20:46:00'),
('TA139','TR161','US005',32000,'0000-00-00','2020-10-23 20:46:00'),
('TA140','TR165','US005',36000,'0000-00-00','2020-10-23 20:46:01'),
('TA141','TR183','US005',10000,'0000-00-00','2020-10-23 20:46:01'),
('TA142','TR215','US005',52000,'0000-00-00','2020-10-23 20:46:01'),
('TA143','TR222','US005',15000,'0000-00-00','2020-10-23 20:46:01'),
('TA144','TR237','US005',29000,'0000-00-00','2020-10-23 20:46:02'),
('TA145','TR282','US005',8000,'0000-00-00','2020-10-23 20:46:02'),
('TA146','TR286','US005',26000,'0000-00-00','2020-10-23 20:46:02'),
('TA147','TR301','US005',16000,'0000-00-00','2020-10-23 20:46:02'),
('TA148','TR328','US005',54000,'0000-00-00','2020-10-23 20:46:02'),
('TA149','TR332','US005',32000,'0000-00-00','2020-10-23 20:46:02'),
('TA150','TR350','US005',16000,'0000-00-00','2020-10-23 20:46:03'),
('TA151','TR367','US005',40000,'0000-00-00','2020-10-23 20:46:03'),
('TA152','TR369','US005',27000,'0000-00-00','2020-10-23 20:46:03'),
('TA153','TR442','US005',14000,'0000-00-00','2020-10-23 20:46:03'),
('TA154','TR449','US005',50000,'0000-00-00','2020-10-23 20:46:03'),
('TA155','TR450','US005',24000,'0000-00-00','2020-10-23 20:46:03'),
('TA156','TR465','US005',52000,'0000-00-00','2020-10-23 20:46:03'),
('TA157','TR477','US005',28000,'0000-00-00','2020-10-23 20:46:03'),
('TA158','TR514','US005',29000,'0000-00-00','2020-10-23 20:46:04'),
('TA159','TR527','US005',18000,'0000-00-00','2020-10-23 20:46:04'),
('TA160','TR528','US005',24000,'0000-00-00','2020-10-23 20:46:04'),
('TA161','TR671','US005',8000,'0000-00-00','2020-10-23 20:46:04'),
('TA162','TR711','US005',24000,'0000-00-00','2020-10-23 20:46:04'),
('TA163','TR724','US005',28000,'0000-00-00','2020-10-23 20:46:04'),
('TA164','TR738','US005',44000,'0000-00-00','2020-10-23 20:46:04'),
('TA165','TR739','US005',14000,'0000-00-00','2020-10-23 20:46:04'),
('TA166','TR815','US005',22000,'0000-00-00','2020-10-23 20:46:04'),
('TA167','TR884','US005',40000,'0000-00-00','2020-10-23 20:46:04'),
('TA168','TR891','US005',64000,'0000-00-00','2020-10-23 20:46:04'),
('TA169','TR906','US005',36000,'0000-00-00','2020-10-23 20:46:05'),
('TA170','TR910','US005',44000,'0000-00-00','2020-10-23 20:46:05'),
('TA171','TR932','US005',12000,'0000-00-00','2020-10-23 20:46:05'),
('TA172','TR967','US005',26000,'0000-00-00','2020-10-23 20:46:05'),
('TA173','TR974','US005',20000,'0000-00-00','2020-10-23 20:46:05'),
('TA174','TR999','US005',12000,'0000-00-00','2020-10-23 20:46:05'),
('TA175','TR052','US005',14000,'0000-00-00','2020-10-23 20:46:05'),
('TA176','TR1008','US005',44000,'0000-00-00','2020-10-23 20:46:05'),
('TA177','TR1012','US005',28000,'0000-00-00','2020-10-23 20:46:05'),
('TA178','TR1018','US005',29000,'0000-00-00','2020-10-23 20:46:05'),
('TA179','TR1031','US005',16000,'0000-00-00','2020-10-23 20:46:05'),
('TA180','TR1058','US005',28000,'0000-00-00','2020-10-23 20:46:05'),
('TA181','TR109','US005',20000,'0000-00-00','2020-10-23 20:46:05'),
('TA182','TR138','US005',36000,'0000-00-00','2020-10-23 20:46:05'),
('TA183','TR170','US005',24000,'0000-00-00','2020-10-23 20:46:05'),
('TA184','TR171','US005',20000,'0000-00-00','2020-10-23 20:46:06'),
('TA185','TR174','US005',14000,'0000-00-00','2020-10-23 20:46:06'),
('TA186','TR187','US005',28000,'0000-00-00','2020-10-23 20:46:06'),
('TA187','TR191','US005',8000,'0000-00-00','2020-10-23 20:46:06'),
('TA188','TR218','US005',30000,'0000-00-00','2020-10-23 20:46:06'),
('TA189','TR219','US005',16000,'0000-00-00','2020-10-23 20:46:06'),
('TA190','TR239','US005',28000,'0000-00-00','2020-10-23 20:46:06'),
('TA191','TR279','US005',40000,'0000-00-00','2020-10-23 20:46:06'),
('TA192','TR308','US005',26000,'0000-00-00','2020-10-23 20:46:06'),
('TA193','TR334','US005',30000,'0000-00-00','2020-10-23 20:46:06'),
('TA194','TR336','US005',54000,'0000-00-00','2020-10-23 20:46:06'),
('TA195','TR357','US005',16000,'0000-00-00','2020-10-23 20:46:06'),
('TA196','TR376','US005',52000,'0000-00-00','2020-10-23 20:46:06'),
('TA197','TR425','US005',12000,'0000-00-00','2020-10-23 20:46:06'),
('TA198','TR428','US005',30000,'0000-00-00','2020-10-23 20:46:06'),
('TA199','TR457','US005',5000,'0000-00-00','2020-10-23 20:46:06'),
('TA200','TR466','US005',13000,'0000-00-00','2020-10-23 20:46:06'),
('TA201','TR487','US005',8000,'0000-00-00','2020-10-23 20:46:06'),
('TA202','TR534','US005',14000,'0000-00-00','2020-10-23 20:46:06'),
('TA203','TR539','US005',40000,'0000-00-00','2020-10-23 20:46:06'),
('TA204','TR545','US005',30000,'0000-00-00','2020-10-23 20:46:06'),
('TA205','TR551','US005',13000,'0000-00-00','2020-10-23 20:46:06'),
('TA206','TR568','US005',50000,'0000-00-00','2020-10-23 20:46:06'),
('TA207','TR589','US005',24000,'0000-00-00','2020-10-23 20:46:06'),
('TA208','TR590','US005',20000,'0000-00-00','2020-10-23 20:46:06'),
('TA209','TR617','US005',36000,'0000-00-00','2020-10-23 20:46:06'),
('TA210','TR634','US005',13000,'0000-00-00','2020-10-23 20:46:06'),
('TA211','TR635','US005',8000,'0000-00-00','2020-10-23 20:46:06'),
('TA212','TR642','US005',76000,'0000-00-00','2020-10-23 20:46:07'),
('TA213','TR666','US005',28000,'0000-00-00','2020-10-23 20:46:07'),
('TA214','TR683','US005',16000,'0000-00-00','2020-10-23 20:46:07'),
('TA215','TR779','US005',13000,'0000-00-00','2020-10-23 20:46:07'),
('TA216','TR811','US005',30000,'0000-00-00','2020-10-23 20:46:07'),
('TA217','TR821','US005',28000,'0000-00-00','2020-10-23 20:46:07'),
('TA218','TR822','US005',44000,'0000-00-00','2020-10-23 20:46:08'),
('TA219','TR837','US005',28000,'0000-00-00','2020-10-23 20:46:08'),
('TA220','TR882','US005',56000,'0000-00-00','2020-10-23 20:46:08'),
('TA221','TR897','US005',5000,'0000-00-00','2020-10-23 20:46:08'),
('TA222','TR916','US005',68000,'0000-00-00','2020-10-23 20:46:08'),
('TA223','TR935','US005',12000,'0000-00-00','2020-10-23 20:46:09'),
('TA224','TR939','US005',28000,'0000-00-00','2020-10-23 20:46:09'),
('TA225','TR944','US005',10000,'0000-00-00','2020-10-23 20:46:09'),
('TA226','TR962','US005',58000,'0000-00-00','2020-10-23 20:46:09'),
('TA227','TR969','US005',15000,'0000-00-00','2020-10-23 20:46:09'),
('TA228','TR016','US005',10000,'0000-00-00','2020-10-23 20:46:09'),
('TA229','TR030','US005',14000,'0000-00-00','2020-10-23 20:46:09'),
('TA230','TR039','US005',40000,'0000-00-00','2020-10-23 20:46:10'),
('TA231','TR062','US005',14000,'0000-00-00','2020-10-23 20:46:10'),
('TA232','TR098','US005',28000,'0000-00-00','2020-10-23 20:46:10'),
('TA233','TR1041','US005',36000,'0000-00-00','2020-10-23 20:46:10'),
('TA234','TR1072','US005',76000,'0000-00-00','2020-10-23 20:46:10'),
('TA235','TR1074','US005',28000,'0000-00-00','2020-10-23 20:46:10'),
('TA236','TR123','US005',27000,'0000-00-00','2020-10-23 20:46:10'),
('TA237','TR133','US005',14000,'0000-00-00','2020-10-23 20:46:10'),
('TA238','TR147','US005',60000,'0000-00-00','2020-10-23 20:46:10'),
('TA239','TR153','US005',24000,'0000-00-00','2020-10-23 20:46:11'),
('TA240','TR176','US005',56000,'0000-00-00','2020-10-23 20:46:11'),
('TA241','TR178','US005',24000,'0000-00-00','2020-10-23 20:46:11'),
('TA242','TR180','US005',28000,'0000-00-00','2020-10-23 20:46:11'),
('TA243','TR207','US005',14000,'0000-00-00','2020-10-23 20:46:11'),
('TA244','TR258','US005',52000,'0000-00-00','2020-10-23 20:46:11'),
('TA245','TR260','US005',15000,'0000-00-00','2020-10-23 20:46:11'),
('TA246','TR270','US005',56000,'0000-00-00','2020-10-23 20:46:11'),
('TA247','TR289','US005',26000,'0000-00-00','2020-10-23 20:46:12'),
('TA248','TR310','US005',22000,'0000-00-00','2020-10-23 20:46:12'),
('TA249','TR361','US005',12000,'0000-00-00','2020-10-23 20:46:12'),
('TA250','TR388','US005',19000,'0000-00-00','2020-10-23 20:46:12'),
('TA251','TR426','US005',14000,'0000-00-00','2020-10-23 20:46:12'),
('TA252','TR473','US005',27000,'0000-00-00','2020-10-23 20:46:12'),
('TA253','TR523','US005',24000,'0000-00-00','2020-10-23 20:46:13'),
('TA254','TR530','US005',30000,'0000-00-00','2020-10-23 20:46:13'),
('TA255','TR531','US005',16000,'0000-00-00','2020-10-23 20:46:13'),
('TA256','TR571','US005',54000,'0000-00-00','2020-10-23 20:46:13'),
('TA257','TR577','US005',40000,'0000-00-00','2020-10-23 20:46:13'),
('TA258','TR580','US005',60000,'0000-00-00','2020-10-23 20:46:13'),
('TA259','TR587','US005',5000,'0000-00-00','2020-10-23 20:46:13'),
('TA260','TR640','US005',44000,'0000-00-00','2020-10-23 20:46:13'),
('TA261','TR652','US005',30000,'0000-00-00','2020-10-23 20:46:13'),
('TA262','TR656','US005',56000,'0000-00-00','2020-10-23 20:46:13'),
('TA263','TR659','US005',16000,'0000-00-00','2020-10-23 20:46:13'),
('TA264','TR715','US005',26000,'0000-00-00','2020-10-23 20:46:13'),
('TA265','TR748','US005',8000,'0000-00-00','2020-10-23 20:46:13'),
('TA266','TR756','US005',26000,'0000-00-00','2020-10-23 20:46:14'),
('TA267','TR764','US005',40000,'0000-00-00','2020-10-23 20:46:14'),
('TA268','TR794','US005',66000,'0000-00-00','2020-10-23 20:46:14'),
('TA269','TR803','US005',8000,'0000-00-00','2020-10-23 20:46:14'),
('TA270','TR876','US005',13000,'0000-00-00','2020-10-23 20:46:14'),
('TA271','TR893','US005',12000,'0000-00-00','2020-10-23 20:46:14'),
('TA272','TR943','US005',17000,'0000-00-00','2020-10-23 20:46:14'),
('TA273','TR956','US005',15000,'0000-00-00','2020-10-23 20:46:14'),
('TA274','TR975','US005',24000,'0000-00-00','2020-10-23 20:46:15'),
('TA275','TR010','US005',14000,'0000-00-00','2020-10-23 20:46:15'),
('TA276','TR047','US005',60000,'0000-00-00','2020-10-23 20:46:15'),
('TA277','TR058','US005',40000,'0000-00-00','2020-10-23 20:46:15'),
('TA278','TR071','US005',34000,'0000-00-00','2020-10-23 20:46:15'),
('TA279','TR077','US005',16000,'0000-00-00','2020-10-23 20:46:15'),
('TA280','TR090','US005',22000,'0000-00-00','2020-10-23 20:46:16'),
('TA281','TR1026','US005',16000,'0000-00-00','2020-10-23 20:46:16'),
('TA282','TR1036','US005',13000,'0000-00-00','2020-10-23 20:46:16'),
('TA283','TR1040','US005',14000,'0000-00-00','2020-10-23 20:46:16'),
('TA284','TR1056','US005',24000,'0000-00-00','2020-10-23 20:46:17'),
('TA285','TR1062','US005',20000,'0000-00-00','2020-10-23 20:46:17'),
('TA286','TR1073','US005',20000,'0000-00-00','2020-10-23 20:46:17'),
('TA287','TR1081','US005',5000,'0000-00-00','2020-10-23 20:46:17'),
('TA288','TR134','US005',44000,'0000-00-00','2020-10-23 20:46:17'),
('TA289','TR142','US005',8000,'0000-00-00','2020-10-23 20:46:17'),
('TA290','TR157','US005',28000,'0000-00-00','2020-10-23 20:46:17'),
('TA291','TR166','US005',15000,'0000-00-00','2020-10-23 20:46:17'),
('TA292','TR195','US005',22000,'0000-00-00','2020-10-23 20:46:17'),
('TA293','TR223','US005',36000,'0000-00-00','2020-10-23 20:46:17'),
('TA294','TR229','US005',30000,'0000-00-00','2020-10-23 20:46:18'),
('TA295','TR234','US005',12000,'0000-00-00','2020-10-23 20:46:18'),
('TA296','TR259','US005',40000,'0000-00-00','2020-10-23 20:46:18'),
('TA297','TR335','US005',13000,'0000-00-00','2020-10-23 20:46:18'),
('TA298','TR344','US005',13000,'0000-00-00','2020-10-23 20:46:18'),
('TA299','TR345','US005',15000,'0000-00-00','2020-10-23 20:46:18'),
('TA300','TR347','US005',23000,'0000-00-00','2020-10-23 20:46:18'),
('TA301','TR391','US005',32000,'0000-00-00','2020-10-23 20:46:18'),
('TA302','TR392','US005',26000,'0000-00-00','2020-10-23 20:46:18'),
('TA303','TR399','US005',32000,'0000-00-00','2020-10-23 20:46:18'),
('TA304','TR412','US005',30000,'0000-00-00','2020-10-23 20:46:18'),
('TA305','TR435','US005',8000,'0000-00-00','2020-10-23 20:46:18'),
('TA306','TR458','US005',38000,'0000-00-00','2020-10-23 20:46:18'),
('TA307','TR488','US005',16000,'0000-00-00','2020-10-23 20:46:18'),
('TA308','TR517','US005',8000,'0000-00-00','2020-10-23 20:46:18'),
('TA309','TR526','US005',28000,'0000-00-00','2020-10-23 20:46:18'),
('TA310','TR547','US005',56000,'0000-00-00','2020-10-23 20:46:18'),
('TA311','TR579','US005',8000,'0000-00-00','2020-10-23 20:46:18'),
('TA312','TR588','US005',56000,'0000-00-00','2020-10-23 20:46:18'),
('TA313','TR596','US005',16000,'0000-00-00','2020-10-23 20:46:18'),
('TA314','TR632','US005',21000,'0000-00-00','2020-10-23 20:46:18'),
('TA315','TR641','US005',18000,'0000-00-00','2020-10-23 20:46:18'),
('TA316','TR662','US005',23000,'0000-00-00','2020-10-23 20:46:18'),
('TA317','TR667','US005',8000,'0000-00-00','2020-10-23 20:46:18'),
('TA318','TR668','US005',32000,'0000-00-00','2020-10-23 20:46:18'),
('TA319','TR680','US005',10000,'0000-00-00','2020-10-23 20:46:18'),
('TA320','TR690','US005',13000,'0000-00-00','2020-10-23 20:46:18'),
('TA321','TR713','US005',12000,'0000-00-00','2020-10-23 20:46:18'),
('TA322','TR768','US005',22000,'0000-00-00','2020-10-23 20:46:18'),
('TA323','TR778','US005',8000,'0000-00-00','2020-10-23 20:46:18'),
('TA324','TR786','US005',31000,'0000-00-00','2020-10-23 20:46:19'),
('TA325','TR792','US005',5000,'0000-00-00','2020-10-23 20:46:19'),
('TA326','TR793','US005',60000,'0000-00-00','2020-10-23 20:46:19'),
('TA327','TR808','US005',32000,'0000-00-00','2020-10-23 20:46:19'),
('TA328','TR826','US005',52000,'0000-00-00','2020-10-23 20:46:19'),
('TA329','TR828','US005',28000,'0000-00-00','2020-10-23 20:46:19'),
('TA330','TR830','US005',54000,'0000-00-00','2020-10-23 20:46:19'),
('TA331','TR866','US005',28000,'0000-00-00','2020-10-23 20:46:20'),
('TA332','TR873','US005',21000,'0000-00-00','2020-10-23 20:46:20'),
('TA333','TR885','US005',14000,'0000-00-00','2020-10-23 20:46:20'),
('TA334','TR888','US005',28000,'0000-00-00','2020-10-23 20:46:20'),
('TA335','TR923','US005',8000,'0000-00-00','2020-10-23 20:46:20'),
('TA336','TR940','US005',48000,'0000-00-00','2020-10-23 20:46:20'),
('TA337','TR949','US005',16000,'0000-00-00','2020-10-23 20:46:20'),
('TA338','TR957','US005',32000,'0000-00-00','2020-10-23 20:46:20'),
('TA339','TR970','US005',32000,'0000-00-00','2020-10-23 20:46:20'),
('TA340','TR046','US005',44000,'0000-00-00','2020-10-23 20:46:20'),
('TA341','TR055','US005',14000,'0000-00-00','2020-10-23 20:46:20'),
('TA342','TR075','US005',40000,'0000-00-00','2020-10-23 20:46:20'),
('TA343','TR080','US005',40000,'0000-00-00','2020-10-23 20:46:20'),
('TA344','TR085','US005',60000,'0000-00-00','2020-10-23 20:46:20'),
('TA345','TR086','US005',16000,'0000-00-00','2020-10-23 20:46:20'),
('TA346','TR1000','US005',22000,'0000-00-00','2020-10-23 20:46:21'),
('TA347','TR1028','US005',16000,'0000-00-00','2020-10-23 20:46:21'),
('TA348','TR1038','US005',13000,'0000-00-00','2020-10-23 20:46:21'),
('TA349','TR1070','US005',28000,'0000-00-00','2020-10-23 20:46:21'),
('TA350','TR113','US005',28000,'0000-00-00','2020-10-23 20:46:21'),
('TA351','TR132','US005',16000,'0000-00-00','2020-10-23 20:46:21'),
('TA352','TR137','US005',56000,'0000-00-00','2020-10-23 20:46:21'),
('TA353','TR140','US005',36000,'0000-00-00','2020-10-23 20:46:21'),
('TA354','TR236','US005',30000,'0000-00-00','2020-10-23 20:46:21'),
('TA355','TR248','US005',14000,'0000-00-00','2020-10-23 20:46:22'),
('TA356','TR299','US005',21000,'0000-00-00','2020-10-23 20:46:22'),
('TA357','TR304','US005',12000,'0000-00-00','2020-10-23 20:46:22'),
('TA358','TR321','US005',62000,'0000-00-00','2020-10-23 20:46:22'),
('TA359','TR339','US005',8000,'0000-00-00','2020-10-23 20:46:22'),
('TA360','TR354','US005',50000,'0000-00-00','2020-10-23 20:46:22'),
('TA361','TR355','US005',16000,'0000-00-00','2020-10-23 20:46:22'),
('TA362','TR358','US005',52000,'0000-00-00','2020-10-23 20:46:22'),
('TA363','TR437','US005',15000,'0000-00-00','2020-10-23 20:46:22'),
('TA364','TR444','US005',34000,'0000-00-00','2020-10-23 20:46:22'),
('TA365','TR472','US005',12000,'0000-00-00','2020-10-23 20:46:22'),
('TA366','TR475','US005',64000,'0000-00-00','2020-10-23 20:46:23'),
('TA367','TR485','US005',24000,'0000-00-00','2020-10-23 20:46:23'),
('TA368','TR508','US005',20000,'0000-00-00','2020-10-23 20:46:24'),
('TA369','TR513','US005',14000,'0000-00-00','2020-10-23 20:46:24'),
('TA370','TR524','US005',12000,'0000-00-00','2020-10-23 20:46:24'),
('TA371','TR603','US005',40000,'0000-00-00','2020-10-23 20:46:24'),
('TA372','TR619','US005',68000,'0000-00-00','2020-10-23 20:46:24'),
('TA373','TR625','US005',32000,'0000-00-00','2020-10-23 20:46:24'),
('TA374','TR676','US005',70000,'0000-00-00','2020-10-23 20:46:24'),
('TA375','TR702','US005',16000,'0000-00-00','2020-10-23 20:46:24'),
('TA376','TR744','US005',25000,'0000-00-00','2020-10-23 20:46:24'),
('TA377','TR747','US005',16000,'0000-00-00','2020-10-23 20:46:24'),
('TA378','TR760','US005',10000,'0000-00-00','2020-10-23 20:46:24'),
('TA379','TR773','US005',16000,'0000-00-00','2020-10-23 20:46:25'),
('TA380','TR807','US005',54000,'0000-00-00','2020-10-23 20:46:25'),
('TA381','TR817','US005',16000,'0000-00-00','2020-10-23 20:46:25'),
('TA382','TR818','US005',50000,'0000-00-00','2020-10-23 20:46:25'),
('TA383','TR845','US005',40000,'0000-00-00','2020-10-23 20:46:25'),
('TA384','TR847','US005',30000,'0000-00-00','2020-10-23 20:46:25'),
('TA385','TR850','US005',24000,'0000-00-00','2020-10-23 20:46:25'),
('TA386','TR898','US005',42000,'0000-00-00','2020-10-23 20:46:25'),
('TA387','TR931','US005',14000,'0000-00-00','2020-10-23 20:46:26'),
('TA388','TR950','US005',30000,'0000-00-00','2020-10-23 20:46:26'),
('TA389','TR018','US005',40000,'0000-00-00','2020-10-23 20:46:26'),
('TA390','TR020','US005',34000,'0000-00-00','2020-10-23 20:46:26'),
('TA391','TR023','US005',20000,'0000-00-00','2020-10-23 20:46:26'),
('TA392','TR043','US005',54000,'0000-00-00','2020-10-23 20:46:26'),
('TA393','TR072','US005',28000,'0000-00-00','2020-10-23 20:46:26'),
('TA394','TR073','US005',56000,'0000-00-00','2020-10-23 20:46:26'),
('TA395','TR093','US005',14000,'0000-00-00','2020-10-23 20:46:26'),
('TA396','TR097','US005',44000,'0000-00-00','2020-10-23 20:46:26'),
('TA397','TR1007','US005',16000,'0000-00-00','2020-10-23 20:46:26'),
('TA398','TR1010','US005',60000,'0000-00-00','2020-10-23 20:46:26'),
('TA399','TR1011','US005',13000,'0000-00-00','2020-10-23 20:46:26'),
('TA400','TR1017','US005',28000,'0000-00-00','2020-10-23 20:46:26'),
('TA401','TR1044','US005',16000,'0000-00-00','2020-10-23 20:46:26'),
('TA402','TR118','US005',54000,'0000-00-00','2020-10-23 20:46:26'),
('TA403','TR158','US005',13000,'0000-00-00','2020-10-23 20:46:26'),
('TA404','TR169','US005',60000,'0000-00-00','2020-10-23 20:46:27'),
('TA405','TR261','US005',14000,'0000-00-00','2020-10-23 20:46:27'),
('TA406','TR265','US005',10000,'0000-00-00','2020-10-23 20:46:27'),
('TA407','TR285','US005',8000,'0000-00-00','2020-10-23 20:46:27'),
('TA408','TR292','US005',22000,'0000-00-00','2020-10-23 20:46:27'),
('TA409','TR377','US005',24000,'0000-00-00','2020-10-23 20:46:27'),
('TA410','TR381','US005',44000,'0000-00-00','2020-10-23 20:46:27'),
('TA411','TR396','US005',10000,'0000-00-00','2020-10-23 20:46:27'),
('TA412','TR414','US005',40000,'0000-00-00','2020-10-23 20:46:27'),
('TA413','TR460','US005',32000,'0000-00-00','2020-10-23 20:46:27'),
('TA414','TR462','US005',30000,'0000-00-00','2020-10-23 20:46:27'),
('TA415','TR467','US005',20000,'0000-00-00','2020-10-23 20:46:27'),
('TA416','TR501','US005',20000,'0000-00-00','2020-10-23 20:46:27'),
('TA417','TR505','US005',14000,'0000-00-00','2020-10-23 20:46:27'),
('TA418','TR519','US005',23000,'0000-00-00','2020-10-23 20:46:27'),
('TA419','TR521','US005',16000,'0000-00-00','2020-10-23 20:46:27'),
('TA420','TR532','US005',30000,'0000-00-00','2020-10-23 20:46:27'),
('TA421','TR546','US005',24000,'0000-00-00','2020-10-23 20:46:27'),
('TA422','TR555','US005',68000,'0000-00-00','2020-10-23 20:46:27'),
('TA423','TR593','US005',28000,'0000-00-00','2020-10-23 20:46:27'),
('TA424','TR594','US005',31000,'0000-00-00','2020-10-23 20:46:27'),
('TA425','TR600','US005',24000,'0000-00-00','2020-10-23 20:46:27'),
('TA426','TR602','US005',28000,'0000-00-00','2020-10-23 20:46:27'),
('TA427','TR624','US005',8000,'0000-00-00','2020-10-23 20:46:27'),
('TA428','TR626','US005',34000,'0000-00-00','2020-10-23 20:46:27'),
('TA429','TR630','US005',36000,'0000-00-00','2020-10-23 20:46:27'),
('TA430','TR646','US005',62000,'0000-00-00','2020-10-23 20:46:27'),
('TA431','TR650','US005',8000,'0000-00-00','2020-10-23 20:46:27'),
('TA432','TR660','US005',60000,'0000-00-00','2020-10-23 20:46:27'),
('TA433','TR689','US005',32000,'0000-00-00','2020-10-23 20:46:27'),
('TA434','TR697','US005',60000,'0000-00-00','2020-10-23 20:46:27'),
('TA435','TR716','US005',16000,'0000-00-00','2020-10-23 20:46:28'),
('TA436','TR721','US005',26000,'0000-00-00','2020-10-23 20:46:28'),
('TA437','TR728','US005',13000,'0000-00-00','2020-10-23 20:46:28'),
('TA438','TR770','US005',28000,'0000-00-00','2020-10-23 20:46:28'),
('TA439','TR831','US005',20000,'0000-00-00','2020-10-23 20:46:28'),
('TA440','TR860','US005',68000,'0000-00-00','2020-10-23 20:46:28'),
('TA441','TR868','US005',20000,'0000-00-00','2020-10-23 20:46:28'),
('TA442','TR879','US005',54000,'0000-00-00','2020-10-23 20:46:28'),
('TA443','TR922','US005',24000,'0000-00-00','2020-10-23 20:46:28'),
('TA444','TR933','US005',62000,'0000-00-00','2020-10-23 20:46:28'),
('TA445','TR966','US005',15000,'0000-00-00','2020-10-23 20:46:28'),
('TA446','TR991','US005',42000,'0000-00-00','2020-10-23 20:46:28'),
('TA447','TR994','US005',16000,'0000-00-00','2020-10-23 20:46:28'),
('TA448','TR019','US005',52000,'0000-00-00','2020-10-23 20:46:28'),
('TA449','TR029','US005',14000,'0000-00-00','2020-10-23 20:46:28'),
('TA450','TR096','US005',32000,'0000-00-00','2020-10-23 20:46:28'),
('TA451','TR1068','US005',12000,'0000-00-00','2020-10-23 20:46:28'),
('TA452','TR1080','US005',62000,'0000-00-00','2020-10-23 20:46:28'),
('TA453','TR149','US005',28000,'0000-00-00','2020-10-23 20:46:29'),
('TA454','TR177','US005',24000,'0000-00-00','2020-10-23 20:46:29'),
('TA455','TR226','US005',13000,'0000-00-00','2020-10-23 20:46:29'),
('TA456','TR262','US005',17000,'0000-00-00','2020-10-23 20:46:29'),
('TA457','TR293','US005',24000,'0000-00-00','2020-10-23 20:46:29'),
('TA458','TR305','US005',56000,'0000-00-00','2020-10-23 20:46:29'),
('TA459','TR319','US005',15000,'0000-00-00','2020-10-23 20:46:29'),
('TA460','TR320','US005',23000,'0000-00-00','2020-10-23 20:46:29'),
('TA461','TR322','US005',14000,'0000-00-00','2020-10-23 20:46:30'),
('TA462','TR341','US005',56000,'0000-00-00','2020-10-23 20:46:30'),
('TA463','TR356','US005',32000,'0000-00-00','2020-10-23 20:46:30'),
('TA464','TR363','US005',34000,'0000-00-00','2020-10-23 20:46:30'),
('TA465','TR406','US005',18000,'0000-00-00','2020-10-23 20:46:30'),
('TA466','TR420','US005',32000,'0000-00-00','2020-10-23 20:46:30'),
('TA467','TR427','US005',28000,'0000-00-00','2020-10-23 20:46:30'),
('TA468','TR483','US005',17000,'0000-00-00','2020-10-23 20:46:30'),
('TA469','TR497','US005',16000,'0000-00-00','2020-10-23 20:46:30'),
('TA470','TR498','US005',50000,'0000-00-00','2020-10-23 20:46:30'),
('TA471','TR535','US005',14000,'0000-00-00','2020-10-23 20:46:30'),
('TA472','TR540','US005',28000,'0000-00-00','2020-10-23 20:46:30'),
('TA473','TR556','US005',15000,'0000-00-00','2020-10-23 20:46:30'),
('TA474','TR564','US005',64000,'0000-00-00','2020-10-23 20:46:30'),
('TA475','TR611','US005',32000,'0000-00-00','2020-10-23 20:46:30'),
('TA476','TR620','US005',26000,'0000-00-00','2020-10-23 20:46:30'),
('TA477','TR651','US005',14000,'0000-00-00','2020-10-23 20:46:30'),
('TA478','TR653','US005',26000,'0000-00-00','2020-10-23 20:46:30'),
('TA479','TR655','US005',12000,'0000-00-00','2020-10-23 20:46:30'),
('TA480','TR685','US005',48000,'0000-00-00','2020-10-23 20:46:30'),
('TA481','TR707','US005',28000,'0000-00-00','2020-10-23 20:46:30'),
('TA482','TR730','US005',56000,'0000-00-00','2020-10-23 20:46:30'),
('TA483','TR752','US005',28000,'0000-00-00','2020-10-23 20:46:31'),
('TA484','TR842','US005',26000,'0000-00-00','2020-10-23 20:46:31'),
('TA485','TR848','US005',24000,'0000-00-00','2020-10-23 20:46:32'),
('TA486','TR871','US005',26000,'0000-00-00','2020-10-23 20:46:32'),
('TA487','TR907','US005',26000,'0000-00-00','2020-10-23 20:46:32'),
('TA488','TR987','US005',50000,'0000-00-00','2020-10-23 20:46:32'),
('TA489','TR005','US005',28000,'0000-00-00','2020-10-23 20:46:32'),
('TA490','TR031','US005',42000,'0000-00-00','2020-10-23 20:46:33'),
('TA491','TR060','US005',8000,'0000-00-00','2020-10-23 20:46:33'),
('TA492','TR065','US005',44000,'0000-00-00','2020-10-23 20:46:33'),
('TA493','TR094','US005',16000,'0000-00-00','2020-10-23 20:46:33'),
('TA494','TR1003','US005',52000,'0000-00-00','2020-10-23 20:46:34'),
('TA495','TR1016','US005',5000,'0000-00-00','2020-10-23 20:46:34'),
('TA496','TR1051','US005',21000,'0000-00-00','2020-10-23 20:46:34'),
('TA497','TR1055','US005',18000,'0000-00-00','2020-10-23 20:46:34'),
('TA498','TR1059','US005',14000,'0000-00-00','2020-10-23 20:46:34'),
('TA499','TR106','US005',28000,'0000-00-00','2020-10-23 20:46:34'),
('TA500','TR1063','US005',30000,'0000-00-00','2020-10-23 20:46:35'),
('TA501','TR143','US005',24000,'0000-00-00','2020-10-23 20:46:35'),
('TA502','TR182','US005',28000,'0000-00-00','2020-10-23 20:46:35'),
('TA503','TR208','US005',12000,'0000-00-00','2020-10-23 20:46:35'),
('TA504','TR246','US005',18000,'0000-00-00','2020-10-23 20:46:35'),
('TA505','TR264','US005',16000,'0000-00-00','2020-10-23 20:46:35'),
('TA506','TR278','US005',22000,'0000-00-00','2020-10-23 20:46:35'),
('TA507','TR281','US005',24000,'0000-00-00','2020-10-23 20:46:35'),
('TA508','TR296','US005',24000,'0000-00-00','2020-10-23 20:46:35'),
('TA509','TR303','US005',24000,'0000-00-00','2020-10-23 20:46:35'),
('TA510','TR362','US005',18000,'0000-00-00','2020-10-23 20:46:35'),
('TA511','TR375','US005',28000,'0000-00-00','2020-10-23 20:46:35'),
('TA512','TR380','US005',64000,'0000-00-00','2020-10-23 20:46:35'),
('TA513','TR408','US005',20000,'0000-00-00','2020-10-23 20:46:35'),
('TA514','TR429','US005',40000,'0000-00-00','2020-10-23 20:46:35'),
('TA515','TR484','US005',18000,'0000-00-00','2020-10-23 20:46:35'),
('TA516','TR494','US005',33000,'0000-00-00','2020-10-23 20:46:35'),
('TA517','TR500','US005',8000,'0000-00-00','2020-10-23 20:46:35'),
('TA518','TR553','US005',46000,'0000-00-00','2020-10-23 20:46:36'),
('TA519','TR559','US005',13000,'0000-00-00','2020-10-23 20:46:36'),
('TA520','TR569','US005',22000,'0000-00-00','2020-10-23 20:46:36'),
('TA521','TR572','US005',16000,'0000-00-00','2020-10-23 20:46:36'),
('TA522','TR582','US005',21000,'0000-00-00','2020-10-23 20:46:36'),
('TA523','TR610','US005',36000,'0000-00-00','2020-10-23 20:46:36'),
('TA524','TR613','US005',34000,'0000-00-00','2020-10-23 20:46:36'),
('TA525','TR618','US005',16000,'0000-00-00','2020-10-23 20:46:36'),
('TA526','TR628','US005',38000,'0000-00-00','2020-10-23 20:46:36'),
('TA527','TR647','US005',10000,'0000-00-00','2020-10-23 20:46:36'),
('TA528','TR673','US005',13000,'0000-00-00','2020-10-23 20:46:36'),
('TA529','TR675','US005',24000,'0000-00-00','2020-10-23 20:46:36'),
('TA530','TR695','US005',42000,'0000-00-00','2020-10-23 20:46:36'),
('TA531','TR725','US005',13000,'0000-00-00','2020-10-23 20:46:36'),
('TA532','TR727','US005',23000,'0000-00-00','2020-10-23 20:46:36'),
('TA533','TR742','US005',32000,'0000-00-00','2020-10-23 20:46:36'),
('TA534','TR782','US005',24000,'0000-00-00','2020-10-23 20:46:36'),
('TA535','TR783','US005',18000,'0000-00-00','2020-10-23 20:46:36'),
('TA536','TR795','US005',23000,'0000-00-00','2020-10-23 20:46:36'),
('TA537','TR841','US005',8000,'0000-00-00','2020-10-23 20:46:36'),
('TA538','TR917','US005',30000,'0000-00-00','2020-10-23 20:46:36'),
('TA539','TR963','US005',16000,'0000-00-00','2020-10-23 20:46:36'),
('TA540','TR965','US005',21000,'0000-00-00','2020-10-23 20:46:37'),
('TA541','TR985','US005',20000,'0000-00-00','2020-10-23 20:46:37'),
('TA542','TR992','US005',28000,'0000-00-00','2020-10-23 20:46:37'),
('TA543','TR066','US005',32000,'0000-00-00','2020-10-23 20:46:37'),
('TA544','TR1015','US005',60000,'0000-00-00','2020-10-23 20:46:37'),
('TA545','TR1021','US005',26000,'0000-00-00','2020-10-23 20:46:37'),
('TA546','TR1025','US005',66000,'0000-00-00','2020-10-23 20:46:37'),
('TA547','TR1039','US005',15000,'0000-00-00','2020-10-23 20:46:37'),
('TA548','TR136','US005',58000,'0000-00-00','2020-10-23 20:46:37'),
('TA549','TR139','US005',14000,'0000-00-00','2020-10-23 20:46:37'),
('TA550','TR141','US005',32000,'0000-00-00','2020-10-23 20:46:37'),
('TA551','TR179','US005',15000,'0000-00-00','2020-10-23 20:46:37'),
('TA552','TR198','US005',27000,'0000-00-00','2020-10-23 20:46:37'),
('TA553','TR205','US005',28000,'0000-00-00','2020-10-23 20:46:37'),
('TA554','TR211','US005',60000,'0000-00-00','2020-10-23 20:46:37'),
('TA555','TR230','US005',5000,'0000-00-00','2020-10-23 20:46:37'),
('TA556','TR247','US005',54000,'0000-00-00','2020-10-23 20:46:37'),
('TA557','TR255','US005',14000,'0000-00-00','2020-10-23 20:46:37'),
('TA558','TR284','US005',26000,'0000-00-00','2020-10-23 20:46:37'),
('TA559','TR337','US005',20000,'0000-00-00','2020-10-23 20:46:37'),
('TA560','TR343','US005',36000,'0000-00-00','2020-10-23 20:46:37'),
('TA561','TR346','US005',12000,'0000-00-00','2020-10-23 20:46:37'),
('TA562','TR364','US005',64000,'0000-00-00','2020-10-23 20:46:37'),
('TA563','TR366','US005',14000,'0000-00-00','2020-10-23 20:46:37'),
('TA564','TR433','US005',29000,'0000-00-00','2020-10-23 20:46:37'),
('TA565','TR448','US005',5000,'0000-00-00','2020-10-23 20:46:38'),
('TA566','TR469','US005',34000,'0000-00-00','2020-10-23 20:46:38'),
('TA567','TR479','US005',13000,'0000-00-00','2020-10-23 20:46:38'),
('TA568','TR536','US005',28000,'0000-00-00','2020-10-23 20:46:38'),
('TA569','TR548','US005',12000,'0000-00-00','2020-10-23 20:46:38'),
('TA570','TR574','US005',27000,'0000-00-00','2020-10-23 20:46:38'),
('TA571','TR598','US005',30000,'0000-00-00','2020-10-23 20:46:38'),
('TA572','TR686','US005',38000,'0000-00-00','2020-10-23 20:46:38'),
('TA573','TR720','US005',13000,'0000-00-00','2020-10-23 20:46:38'),
('TA574','TR745','US005',60000,'0000-00-00','2020-10-23 20:46:38'),
('TA575','TR820','US005',10000,'0000-00-00','2020-10-23 20:46:39'),
('TA576','TR838','US005',18000,'0000-00-00','2020-10-23 20:46:39'),
('TA577','TR867','US005',28000,'0000-00-00','2020-10-23 20:46:39'),
('TA578','TR894','US005',13000,'0000-00-00','2020-10-23 20:46:39'),
('TA579','TR896','US005',16000,'0000-00-00','2020-10-23 20:46:39'),
('TA580','TR911','US005',56000,'0000-00-00','2020-10-23 20:46:39'),
('TA581','TR929','US005',14000,'0000-00-00','2020-10-23 20:46:39'),
('TA582','TR930','US005',28000,'0000-00-00','2020-10-23 20:46:39'),
('TA583','TR964','US005',16000,'0000-00-00','2020-10-23 20:46:39'),
('TA584','TR056','US005',38000,'0000-00-00','2020-10-23 20:46:39'),
('TA585','TR1033','US005',8000,'0000-00-00','2020-10-23 20:46:39'),
('TA586','TR1076','US005',52000,'0000-00-00','2020-10-23 20:46:39'),
('TA587','TR116','US005',36000,'0000-00-00','2020-10-23 20:46:39'),
('TA588','TR128','US005',27000,'0000-00-00','2020-10-23 20:46:39'),
('TA589','TR152','US005',28000,'0000-00-00','2020-10-23 20:46:39'),
('TA590','TR160','US005',16000,'0000-00-00','2020-10-23 20:46:39'),
('TA591','TR164','US005',12000,'0000-00-00','2020-10-23 20:46:39'),
('TA592','TR193','US005',32000,'0000-00-00','2020-10-23 20:46:39'),
('TA593','TR196','US005',26000,'0000-00-00','2020-10-23 20:46:39'),
('TA594','TR203','US005',48000,'0000-00-00','2020-10-23 20:46:39'),
('TA595','TR220','US005',28000,'0000-00-00','2020-10-23 20:46:39'),
('TA596','TR221','US005',64000,'0000-00-00','2020-10-23 20:46:39'),
('TA597','TR249','US005',12000,'0000-00-00','2020-10-23 20:46:39'),
('TA598','TR275','US005',29000,'0000-00-00','2020-10-23 20:46:39'),
('TA599','TR276','US005',28000,'0000-00-00','2020-10-23 20:46:39'),
('TA600','TR291','US005',52000,'0000-00-00','2020-10-23 20:46:39'),
('TA601','TR294','US005',16000,'0000-00-00','2020-10-23 20:46:40'),
('TA602','TR315','US005',52000,'0000-00-00','2020-10-23 20:46:41'),
('TA603','TR317','US005',14000,'0000-00-00','2020-10-23 20:46:42'),
('TA604','TR323','US005',26000,'0000-00-00','2020-10-23 20:46:42'),
('TA605','TR325','US005',24000,'0000-00-00','2020-10-23 20:46:42'),
('TA606','TR338','US005',60000,'0000-00-00','2020-10-23 20:46:42'),
('TA607','TR342','US005',5000,'0000-00-00','2020-10-23 20:46:42'),
('TA608','TR402','US005',62000,'0000-00-00','2020-10-23 20:46:43'),
('TA609','TR403','US005',13000,'0000-00-00','2020-10-23 20:46:43'),
('TA610','TR407','US005',34000,'0000-00-00','2020-10-23 20:46:43'),
('TA611','TR411','US005',16000,'0000-00-00','2020-10-23 20:46:43'),
('TA612','TR422','US005',30000,'0000-00-00','2020-10-23 20:46:44'),
('TA613','TR430','US005',40000,'0000-00-00','2020-10-23 20:46:44'),
('TA614','TR440','US005',19000,'0000-00-00','2020-10-23 20:46:44'),
('TA615','TR446','US005',16000,'0000-00-00','2020-10-23 20:46:44'),
('TA616','TR478','US005',64000,'0000-00-00','2020-10-23 20:46:44'),
('TA617','TR482','US005',24000,'0000-00-00','2020-10-23 20:46:44'),
('TA618','TR511','US005',60000,'0000-00-00','2020-10-23 20:46:45'),
('TA619','TR512','US005',14000,'0000-00-00','2020-10-23 20:46:45'),
('TA620','TR537','US005',22000,'0000-00-00','2020-10-23 20:46:45'),
('TA621','TR558','US005',24000,'0000-00-00','2020-10-23 20:46:45'),
('TA622','TR566','US005',20000,'0000-00-00','2020-10-23 20:46:45'),
('TA623','TR576','US005',14000,'0000-00-00','2020-10-23 20:46:45'),
('TA624','TR606','US005',28000,'0000-00-00','2020-10-23 20:46:45'),
('TA625','TR615','US005',12000,'0000-00-00','2020-10-23 20:46:45'),
('TA626','TR616','US005',54000,'0000-00-00','2020-10-23 20:46:46'),
('TA627','TR622','US005',28000,'0000-00-00','2020-10-23 20:46:46'),
('TA628','TR648','US005',64000,'0000-00-00','2020-10-23 20:46:46'),
('TA629','TR693','US005',16000,'0000-00-00','2020-10-23 20:46:46'),
('TA630','TR704','US005',60000,'0000-00-00','2020-10-23 20:46:46'),
('TA631','TR732','US005',16000,'0000-00-00','2020-10-23 20:46:46'),
('TA632','TR763','US005',60000,'0000-00-00','2020-10-23 20:46:46'),
('TA633','TR766','US005',20000,'0000-00-00','2020-10-23 20:46:46'),
('TA634','TR776','US005',60000,'0000-00-00','2020-10-23 20:46:46'),
('TA635','TR797','US005',5000,'0000-00-00','2020-10-23 20:46:46'),
('TA636','TR824','US005',54000,'0000-00-00','2020-10-23 20:46:46'),
('TA637','TR827','US005',24000,'0000-00-00','2020-10-23 20:46:46'),
('TA638','TR834','US005',20000,'0000-00-00','2020-10-23 20:46:46'),
('TA639','TR840','US005',28000,'0000-00-00','2020-10-23 20:46:46'),
('TA640','TR852','US005',48000,'0000-00-00','2020-10-23 20:46:46'),
('TA641','TR864','US005',12000,'0000-00-00','2020-10-23 20:46:46'),
('TA642','TR870','US005',56000,'0000-00-00','2020-10-23 20:46:46'),
('TA643','TR878','US005',18000,'0000-00-00','2020-10-23 20:46:46'),
('TA644','TR915','US005',26000,'0000-00-00','2020-10-23 20:46:46'),
('TA645','TR936','US005',28000,'0000-00-00','2020-10-23 20:46:46'),
('TA646','TR937','US005',29000,'0000-00-00','2020-10-23 20:46:46'),
('TA647','TR051','US005',14000,'0000-00-00','2020-10-23 20:46:46'),
('TA648','TR059','US005',72000,'0000-00-00','2020-10-23 20:46:46'),
('TA649','TR074','US005',28000,'0000-00-00','2020-10-23 20:46:46'),
('TA650','TR092','US005',19000,'0000-00-00','2020-10-23 20:46:47'),
('TA651','TR1002','US005',20000,'0000-00-00','2020-10-23 20:46:47'),
('TA652','TR1053','US005',29000,'0000-00-00','2020-10-23 20:46:47'),
('TA653','TR1054','US005',32000,'0000-00-00','2020-10-23 20:46:47'),
('TA654','TR1065','US005',60000,'0000-00-00','2020-10-23 20:46:47'),
('TA655','TR127','US005',14000,'0000-00-00','2020-10-23 20:46:47'),
('TA656','TR130','US005',12000,'0000-00-00','2020-10-23 20:46:47'),
('TA657','TR181','US005',30000,'0000-00-00','2020-10-23 20:46:47'),
('TA658','TR185','US005',28000,'0000-00-00','2020-10-23 20:46:47'),
('TA659','TR238','US005',20000,'0000-00-00','2020-10-23 20:46:47'),
('TA660','TR272','US005',28000,'0000-00-00','2020-10-23 20:46:47'),
('TA661','TR302','US005',30000,'0000-00-00','2020-10-23 20:46:47'),
('TA662','TR340','US005',28000,'0000-00-00','2020-10-23 20:46:48'),
('TA663','TR349','US005',14000,'0000-00-00','2020-10-23 20:46:48'),
('TA664','TR353','US005',48000,'0000-00-00','2020-10-23 20:46:48'),
('TA665','TR368','US005',14000,'0000-00-00','2020-10-23 20:46:48'),
('TA666','TR389','US005',28000,'0000-00-00','2020-10-23 20:46:48'),
('TA667','TR390','US005',18000,'0000-00-00','2020-10-23 20:46:48'),
('TA668','TR415','US005',42000,'0000-00-00','2020-10-23 20:46:48'),
('TA669','TR424','US005',16000,'0000-00-00','2020-10-23 20:46:48'),
('TA670','TR431','US005',62000,'0000-00-00','2020-10-23 20:46:48'),
('TA671','TR447','US005',14000,'0000-00-00','2020-10-23 20:46:49'),
('TA672','TR452','US005',17000,'0000-00-00','2020-10-23 20:46:49'),
('TA673','TR468','US005',18000,'0000-00-00','2020-10-23 20:46:49'),
('TA674','TR550','US005',60000,'0000-00-00','2020-10-23 20:46:49'),
('TA675','TR561','US005',16000,'0000-00-00','2020-10-23 20:46:49'),
('TA676','TR584','US005',30000,'0000-00-00','2020-10-23 20:46:50'),
('TA677','TR601','US005',14000,'0000-00-00','2020-10-23 20:46:50'),
('TA678','TR633','US005',60000,'0000-00-00','2020-10-23 20:46:50'),
('TA679','TR645','US005',28000,'0000-00-00','2020-10-23 20:46:50'),
('TA680','TR679','US005',40000,'0000-00-00','2020-10-23 20:46:50'),
('TA681','TR687','US005',14000,'0000-00-00','2020-10-23 20:46:50'),
('TA682','TR700','US005',32000,'0000-00-00','2020-10-23 20:46:50'),
('TA683','TR706','US005',16000,'0000-00-00','2020-10-23 20:46:50'),
('TA684','TR709','US005',31000,'0000-00-00','2020-10-23 20:46:51'),
('TA685','TR714','US005',24000,'0000-00-00','2020-10-23 20:46:51'),
('TA686','TR726','US005',64000,'0000-00-00','2020-10-23 20:46:51'),
('TA687','TR741','US005',36000,'0000-00-00','2020-10-23 20:46:51'),
('TA688','TR743','US005',24000,'0000-00-00','2020-10-23 20:46:51'),
('TA689','TR755','US005',14000,'0000-00-00','2020-10-23 20:46:51'),
('TA690','TR787','US005',68000,'0000-00-00','2020-10-23 20:46:51'),
('TA691','TR788','US005',10000,'0000-00-00','2020-10-23 20:46:51'),
('TA692','TR798','US005',25000,'0000-00-00','2020-10-23 20:46:52'),
('TA693','TR835','US005',15000,'0000-00-00','2020-10-23 20:46:52'),
('TA694','TR858','US005',32000,'0000-00-00','2020-10-23 20:46:52'),
('TA695','TR869','US005',8000,'0000-00-00','2020-10-23 20:46:52'),
('TA696','TR874','US005',58000,'0000-00-00','2020-10-23 20:46:52'),
('TA697','TR877','US005',30000,'0000-00-00','2020-10-23 20:46:52'),
('TA698','TR925','US005',68000,'0000-00-00','2020-10-23 20:46:52'),
('TA699','TR976','US005',36000,'0000-00-00','2020-10-23 20:46:52'),
('TA700','TR977','US005',56000,'0000-00-00','2020-10-23 20:46:52'),
('TA701','TR986','US005',28000,'0000-00-00','2020-10-23 20:46:52'),
('TA702','TR989','US005',30000,'0000-00-00','2020-10-23 20:46:52'),
('TA703','TR003','US005',28000,'0000-00-00','2020-10-23 20:46:52'),
('TA704','TR011','US005',27000,'0000-00-00','2020-10-23 20:46:52'),
('TA705','TR015','US005',16000,'0000-00-00','2020-10-23 20:46:52'),
('TA706','TR017','US005',54000,'0000-00-00','2020-10-23 20:46:52'),
('TA707','TR022','US005',14000,'0000-00-00','2020-10-23 20:46:52'),
('TA708','TR049','US005',48000,'0000-00-00','2020-10-23 20:46:52'),
('TA709','TR070','US005',13000,'0000-00-00','2020-10-23 20:46:52'),
('TA710','TR099','US005',20000,'0000-00-00','2020-10-23 20:46:52'),
('TA711','TR1006','US005',16000,'0000-00-00','2020-10-23 20:46:52'),
('TA712','TR112','US005',17000,'0000-00-00','2020-10-23 20:46:52'),
('TA713','TR131','US005',28000,'0000-00-00','2020-10-23 20:46:52'),
('TA714','TR156','US005',38000,'0000-00-00','2020-10-23 20:46:52'),
('TA715','TR168','US005',13000,'0000-00-00','2020-10-23 20:46:52'),
('TA716','TR186','US005',26000,'0000-00-00','2020-10-23 20:46:53'),
('TA717','TR257','US005',16000,'0000-00-00','2020-10-23 20:46:53'),
('TA718','TR267','US005',24000,'0000-00-00','2020-10-23 20:46:54'),
('TA719','TR379','US005',20000,'0000-00-00','2020-10-23 20:46:54'),
('TA720','TR441','US005',32000,'0000-00-00','2020-10-23 20:46:54'),
('TA721','TR474','US005',16000,'0000-00-00','2020-10-23 20:46:54'),
('TA722','TR496','US005',28000,'0000-00-00','2020-10-23 20:46:54'),
('TA723','TR502','US005',8000,'0000-00-00','2020-10-23 20:46:54'),
('TA724','TR518','US005',40000,'0000-00-00','2020-10-23 20:46:54'),
('TA725','TR522','US005',20000,'0000-00-00','2020-10-23 20:46:55'),
('TA726','TR541','US005',30000,'0000-00-00','2020-10-23 20:46:55'),
('TA727','TR544','US005',14000,'0000-00-00','2020-10-23 20:46:55'),
('TA728','TR557','US005',19000,'0000-00-00','2020-10-23 20:46:55'),
('TA729','TR560','US005',15000,'0000-00-00','2020-10-23 20:46:55'),
('TA730','TR585','US005',56000,'0000-00-00','2020-10-23 20:46:55'),
('TA731','TR604','US005',5000,'0000-00-00','2020-10-23 20:46:55'),
('TA732','TR605','US005',13000,'0000-00-00','2020-10-23 20:46:55'),
('TA733','TR609','US005',28000,'0000-00-00','2020-10-23 20:46:56'),
('TA734','TR649','US005',34000,'0000-00-00','2020-10-23 20:46:56'),
('TA735','TR658','US005',12000,'0000-00-00','2020-10-23 20:46:56'),
('TA736','TR665','US005',40000,'0000-00-00','2020-10-23 20:46:56'),
('TA737','TR669','US005',36000,'0000-00-00','2020-10-23 20:46:56'),
('TA738','TR691','US005',13000,'0000-00-00','2020-10-23 20:46:56'),
('TA739','TR718','US005',40000,'0000-00-00','2020-10-23 20:46:56'),
('TA740','TR765','US005',34000,'0000-00-00','2020-10-23 20:46:56'),
('TA741','TR796','US005',20000,'0000-00-00','2020-10-23 20:46:57'),
('TA742','TR809','US005',28000,'0000-00-00','2020-10-23 20:46:57'),
('TA743','TR862','US005',14000,'0000-00-00','2020-10-23 20:46:57'),
('TA744','TR872','US005',58000,'0000-00-00','2020-10-23 20:46:57'),
('TA745','TR892','US005',15000,'0000-00-00','2020-10-23 20:46:57'),
('TA746','TR909','US005',26000,'0000-00-00','2020-10-23 20:46:58'),
('TA747','TR924','US005',32000,'0000-00-00','2020-10-23 20:46:58'),
('TA748','TR942','US005',26000,'0000-00-00','2020-10-23 20:46:58'),
('TA749','TR946','US005',5000,'0000-00-00','2020-10-23 20:46:58'),
('TA750','TR948','US005',68000,'0000-00-00','2020-10-23 20:46:58'),
('TA751','TR972','US005',24000,'0000-00-00','2020-10-23 20:46:58'),
('TA752','TR013','US005',27000,'0000-00-00','2020-10-23 20:46:58'),
('TA753','TR024','US005',12000,'0000-00-00','2020-10-23 20:46:58'),
('TA754','TR040','US005',56000,'0000-00-00','2020-10-23 20:46:58'),
('TA755','TR045','US005',24000,'0000-00-00','2020-10-23 20:46:58'),
('TA756','TR1004','US005',32000,'0000-00-00','2020-10-23 20:46:58'),
('TA757','TR1014','US005',12000,'0000-00-00','2020-10-23 20:46:58'),
('TA758','TR1019','US005',20000,'0000-00-00','2020-10-23 20:46:58'),
('TA759','TR1030','US005',36000,'0000-00-00','2020-10-23 20:46:58'),
('TA760','TR1061','US005',64000,'0000-00-00','2020-10-23 20:46:58'),
('TA761','TR1071','US005',16000,'0000-00-00','2020-10-23 20:46:58'),
('TA762','TR119','US005',56000,'0000-00-00','2020-10-23 20:46:58'),
('TA763','TR188','US005',36000,'0000-00-00','2020-10-23 20:46:59'),
('TA764','TR200','US005',30000,'0000-00-00','2020-10-23 20:46:59'),
('TA765','TR231','US005',32000,'0000-00-00','2020-10-23 20:46:59'),
('TA766','TR240','US005',38000,'0000-00-00','2020-10-23 20:46:59'),
('TA767','TR251','US005',24000,'0000-00-00','2020-10-23 20:46:59'),
('TA768','TR263','US005',20000,'0000-00-00','2020-10-23 20:46:59'),
('TA769','TR266','US005',26000,'0000-00-00','2020-10-23 20:46:59'),
('TA770','TR331','US005',28000,'0000-00-00','2020-10-23 20:46:59'),
('TA771','TR383','US005',24000,'0000-00-00','2020-10-23 20:47:00'),
('TA772','TR394','US005',60000,'0000-00-00','2020-10-23 20:47:00'),
('TA773','TR405','US005',18000,'0000-00-00','2020-10-23 20:47:00'),
('TA774','TR470','US005',56000,'0000-00-00','2020-10-23 20:47:00'),
('TA775','TR490','US005',20000,'0000-00-00','2020-10-23 20:47:00'),
('TA776','TR492','US005',56000,'0000-00-00','2020-10-23 20:47:00'),
('TA777','TR504','US005',16000,'0000-00-00','2020-10-23 20:47:00'),
('TA778','TR552','US005',38000,'0000-00-00','2020-10-23 20:47:00'),
('TA779','TR562','US005',8000,'0000-00-00','2020-10-23 20:47:00'),
('TA780','TR567','US005',58000,'0000-00-00','2020-10-23 20:47:00'),
('TA781','TR592','US005',13000,'0000-00-00','2020-10-23 20:47:00'),
('TA782','TR701','US005',13000,'0000-00-00','2020-10-23 20:47:00'),
('TA783','TR705','US005',13000,'0000-00-00','2020-10-23 20:47:00'),
('TA784','TR722','US005',56000,'0000-00-00','2020-10-23 20:47:01'),
('TA785','TR731','US005',12000,'0000-00-00','2020-10-23 20:47:01'),
('TA786','TR749','US005',64000,'0000-00-00','2020-10-23 20:47:01'),
('TA787','TR805','US005',18000,'0000-00-00','2020-10-23 20:47:01'),
('TA788','TR856','US005',42000,'0000-00-00','2020-10-23 20:47:01'),
('TA789','TR863','US005',28000,'0000-00-00','2020-10-23 20:47:01'),
('TA790','TR886','US005',17000,'0000-00-00','2020-10-23 20:47:01'),
('TA791','TR887','US005',32000,'0000-00-00','2020-10-23 20:47:01'),
('TA792','TR928','US005',56000,'0000-00-00','2020-10-23 20:47:01'),
('TA793','TR934','US005',20000,'0000-00-00','2020-10-23 20:47:01'),
('TA794','TR938','US005',30000,'0000-00-00','2020-10-23 20:47:01'),
('TA795','TR958','US005',16000,'0000-00-00','2020-10-23 20:47:01'),
('TA796','TR032','US005',13000,'0000-00-00','2020-10-23 20:47:01'),
('TA797','TR044','US005',28000,'0000-00-00','2020-10-23 20:47:01'),
('TA798','TR057','US005',44000,'0000-00-00','2020-10-23 20:47:01'),
('TA799','TR082','US005',13000,'0000-00-00','2020-10-23 20:47:01'),
('TA800','TR095','US005',64000,'0000-00-00','2020-10-23 20:47:01'),
('TA801','TR1009','US005',14000,'0000-00-00','2020-10-23 20:47:02'),
('TA802','TR101','US005',13000,'0000-00-00','2020-10-23 20:47:02'),
('TA803','TR1032','US005',26000,'0000-00-00','2020-10-23 20:47:02'),
('TA804','TR104','US005',26000,'0000-00-00','2020-10-23 20:47:02'),
('TA805','TR1046','US005',24000,'0000-00-00','2020-10-23 20:47:02'),
('TA806','TR111','US005',10000,'0000-00-00','2020-10-23 20:47:02'),
('TA807','TR115','US005',28000,'0000-00-00','2020-10-23 20:47:02'),
('TA808','TR144','US005',17000,'0000-00-00','2020-10-23 20:47:02'),
('TA809','TR159','US005',40000,'0000-00-00','2020-10-23 20:47:02'),
('TA810','TR162','US005',52000,'0000-00-00','2020-10-23 20:47:03'),
('TA811','TR167','US005',5000,'0000-00-00','2020-10-23 20:47:03'),
('TA812','TR217','US005',36000,'0000-00-00','2020-10-23 20:47:03'),
('TA813','TR254','US005',28000,'0000-00-00','2020-10-23 20:47:03'),
('TA814','TR268','US005',38000,'0000-00-00','2020-10-23 20:47:03'),
('TA815','TR273','US005',5000,'0000-00-00','2020-10-23 20:47:03'),
('TA816','TR280','US005',13000,'0000-00-00','2020-10-23 20:47:03'),
('TA817','TR313','US005',16000,'0000-00-00','2020-10-23 20:47:03'),
('TA818','TR372','US005',44000,'0000-00-00','2020-10-23 20:47:03'),
('TA819','TR400','US005',32000,'0000-00-00','2020-10-23 20:47:03'),
('TA820','TR419','US005',50000,'0000-00-00','2020-10-23 20:47:04'),
('TA821','TR464','US005',15000,'0000-00-00','2020-10-23 20:47:04'),
('TA822','TR471','US005',29000,'0000-00-00','2020-10-23 20:47:04'),
('TA823','TR480','US005',28000,'0000-00-00','2020-10-23 20:47:04'),
('TA824','TR486','US005',23000,'0000-00-00','2020-10-23 20:47:04'),
('TA825','TR493','US005',13000,'0000-00-00','2020-10-23 20:47:04'),
('TA826','TR525','US005',28000,'0000-00-00','2020-10-23 20:47:04'),
('TA827','TR542','US005',32000,'0000-00-00','2020-10-23 20:47:04'),
('TA828','TR565','US005',29000,'0000-00-00','2020-10-23 20:47:05'),
('TA829','TR661','US005',32000,'0000-00-00','2020-10-23 20:47:05'),
('TA830','TR681','US005',32000,'0000-00-00','2020-10-23 20:47:05'),
('TA831','TR682','US005',28000,'0000-00-00','2020-10-23 20:47:06'),
('TA832','TR723','US005',50000,'0000-00-00','2020-10-23 20:47:06'),
('TA833','TR735','US005',12000,'0000-00-00','2020-10-23 20:47:06'),
('TA834','TR736','US005',32000,'0000-00-00','2020-10-23 20:47:06'),
('TA835','TR737','US005',14000,'0000-00-00','2020-10-23 20:47:06'),
('TA836','TR790','US005',60000,'0000-00-00','2020-10-23 20:47:06'),
('TA837','TR843','US005',24000,'0000-00-00','2020-10-23 20:47:07'),
('TA838','TR853','US005',72000,'0000-00-00','2020-10-23 20:47:07'),
('TA839','TR854','US005',14000,'0000-00-00','2020-10-23 20:47:07'),
('TA840','TR883','US005',26000,'0000-00-00','2020-10-23 20:47:07'),
('TA841','TR903','US005',16000,'0000-00-00','2020-10-23 20:47:07'),
('TA842','TR908','US005',68000,'0000-00-00','2020-10-23 20:47:08'),
('TA843','TR983','US005',14000,'0000-00-00','2020-10-23 20:47:08'),
('TA844','TR998','US005',30000,'0000-00-00','2020-10-23 20:47:08'),
('TA845','TR006','US005',24000,'0000-00-00','2020-10-23 20:47:08'),
('TA846','TR028','US005',22000,'0000-00-00','2020-10-23 20:47:08'),
('TA847','TR037','US005',32000,'0000-00-00','2020-10-23 20:47:08'),
('TA848','TR050','US005',20000,'0000-00-00','2020-10-23 20:47:08'),
('TA849','TR064','US005',28000,'0000-00-00','2020-10-23 20:47:08'),
('TA850','TR088','US005',56000,'0000-00-00','2020-10-23 20:47:08'),
('TA851','TR1029','US005',14000,'0000-00-00','2020-10-23 20:47:08'),
('TA852','TR1050','US005',34000,'0000-00-00','2020-10-23 20:47:08'),
('TA853','TR122','US005',36000,'0000-00-00','2020-10-23 20:47:08'),
('TA854','TR124','US005',32000,'0000-00-00','2020-10-23 20:47:08'),
('TA855','TR163','US005',10000,'0000-00-00','2020-10-23 20:47:08'),
('TA856','TR192','US005',54000,'0000-00-00','2020-10-23 20:47:08'),
('TA857','TR212','US005',8000,'0000-00-00','2020-10-23 20:47:08'),
('TA858','TR213','US005',56000,'0000-00-00','2020-10-23 20:47:08'),
('TA859','TR224','US005',16000,'0000-00-00','2020-10-23 20:47:08'),
('TA860','TR227','US005',28000,'0000-00-00','2020-10-23 20:47:08'),
('TA861','TR228','US005',18000,'0000-00-00','2020-10-23 20:47:08'),
('TA862','TR244','US005',34000,'0000-00-00','2020-10-23 20:47:08'),
('TA863','TR288','US005',16000,'0000-00-00','2020-10-23 20:47:08'),
('TA864','TR307','US005',26000,'0000-00-00','2020-10-23 20:47:08'),
('TA865','TR309','US005',8000,'0000-00-00','2020-10-23 20:47:08'),
('TA866','TR312','US005',34000,'0000-00-00','2020-10-23 20:47:08'),
('TA867','TR318','US005',12000,'0000-00-00','2020-10-23 20:47:09'),
('TA868','TR324','US005',60000,'0000-00-00','2020-10-23 20:47:09'),
('TA869','TR371','US005',30000,'0000-00-00','2020-10-23 20:47:09'),
('TA870','TR373','US005',29000,'0000-00-00','2020-10-23 20:47:09'),
('TA871','TR386','US005',24000,'0000-00-00','2020-10-23 20:47:09'),
('TA872','TR401','US005',58000,'0000-00-00','2020-10-23 20:47:09'),
('TA873','TR416','US005',8000,'0000-00-00','2020-10-23 20:47:09'),
('TA874','TR436','US005',26000,'0000-00-00','2020-10-23 20:47:09'),
('TA875','TR443','US005',18000,'0000-00-00','2020-10-23 20:47:09'),
('TA876','TR459','US005',40000,'0000-00-00','2020-10-23 20:47:10'),
('TA877','TR515','US005',16000,'0000-00-00','2020-10-23 20:47:10'),
('TA878','TR538','US005',28000,'0000-00-00','2020-10-23 20:47:10'),
('TA879','TR581','US005',16000,'0000-00-00','2020-10-23 20:47:10'),
('TA880','TR583','US005',52000,'0000-00-00','2020-10-23 20:47:10'),
('TA881','TR599','US005',10000,'0000-00-00','2020-10-23 20:47:10'),
('TA882','TR607','US005',20000,'0000-00-00','2020-10-23 20:47:10'),
('TA883','TR612','US005',8000,'0000-00-00','2020-10-23 20:47:10'),
('TA884','TR636','US005',54000,'0000-00-00','2020-10-23 20:47:10'),
('TA885','TR644','US005',26000,'0000-00-00','2020-10-23 20:47:10'),
('TA886','TR696','US005',32000,'0000-00-00','2020-10-23 20:47:10'),
('TA887','TR698','US005',32000,'0000-00-00','2020-10-23 20:47:10'),
('TA888','TR710','US005',52000,'0000-00-00','2020-10-23 20:47:10'),
('TA889','TR729','US005',40000,'0000-00-00','2020-10-23 20:47:10'),
('TA890','TR746','US005',60000,'0000-00-00','2020-10-23 20:47:10'),
('TA891','TR769','US005',32000,'0000-00-00','2020-10-23 20:47:10'),
('TA892','TR781','US005',19000,'0000-00-00','2020-10-23 20:47:10'),
('TA893','TR799','US005',13000,'0000-00-00','2020-10-23 20:47:10'),
('TA894','TR844','US005',62000,'0000-00-00','2020-10-23 20:47:10'),
('TA895','TR912','US005',28000,'0000-00-00','2020-10-23 20:47:10'),
('TA896','TR914','US005',26000,'0000-00-00','2020-10-23 20:47:10'),
('TA897','TR945','US005',24000,'0000-00-00','2020-10-23 20:47:10'),
('TA898','TR947','US005',16000,'0000-00-00','2020-10-23 20:47:10'),
('TA899','TR954','US005',28000,'0000-00-00','2020-10-23 20:47:10'),
('TA900','TR973','US005',24000,'0000-00-00','2020-10-23 20:47:10'),
('TA901','TR979','US005',40000,'0000-00-00','2020-10-23 20:47:10'),
('TA902','TR980','US005',13000,'0000-00-00','2020-10-23 20:47:10'),
('TA903','TR002','US005',15000,'0000-00-00','2020-10-23 20:47:10'),
('TA904','TR014','US005',72000,'0000-00-00','2020-10-23 20:47:10'),
('TA905','TR063','US005',16000,'0000-00-00','2020-10-23 20:47:11'),
('TA906','TR078','US005',42000,'0000-00-00','2020-10-23 20:47:11'),
('TA907','TR1005','US005',14000,'0000-00-00','2020-10-23 20:47:11'),
('TA908','TR1020','US005',16000,'0000-00-00','2020-10-23 20:47:11'),
('TA909','TR1023','US005',16000,'0000-00-00','2020-10-23 20:47:11'),
('TA910','TR1052','US005',22000,'0000-00-00','2020-10-23 20:47:11'),
('TA911','TR1064','US005',12000,'0000-00-00','2020-10-23 20:47:11'),
('TA912','TR1075','US005',30000,'0000-00-00','2020-10-23 20:47:11'),
('TA913','TR150','US005',28000,'0000-00-00','2020-10-23 20:47:11'),
('TA914','TR175','US005',36000,'0000-00-00','2020-10-23 20:47:11'),
('TA915','TR199','US005',14000,'0000-00-00','2020-10-23 20:47:11'),
('TA916','TR245','US005',24000,'0000-00-00','2020-10-23 20:47:11'),
('TA917','TR252','US005',8000,'0000-00-00','2020-10-23 20:47:11'),
('TA918','TR311','US005',16000,'0000-00-00','2020-10-23 20:47:11'),
('TA919','TR327','US005',18000,'0000-00-00','2020-10-23 20:47:12'),
('TA920','TR329','US005',28000,'0000-00-00','2020-10-23 20:47:12'),
('TA921','TR453','US005',28000,'0000-00-00','2020-10-23 20:47:12'),
('TA922','TR481','US005',35000,'0000-00-00','2020-10-23 20:47:12'),
('TA923','TR489','US005',14000,'0000-00-00','2020-10-23 20:47:12'),
('TA924','TR495','US005',60000,'0000-00-00','2020-10-23 20:47:12'),
('TA925','TR503','US005',8000,'0000-00-00','2020-10-23 20:47:12'),
('TA926','TR570','US005',42000,'0000-00-00','2020-10-23 20:47:13'),
('TA927','TR591','US005',12000,'0000-00-00','2020-10-23 20:47:13'),
('TA928','TR629','US005',31000,'0000-00-00','2020-10-23 20:47:13'),
('TA929','TR664','US005',24000,'0000-00-00','2020-10-23 20:47:13'),
('TA930','TR670','US005',44000,'0000-00-00','2020-10-23 20:47:13'),
('TA931','TR684','US005',14000,'0000-00-00','2020-10-23 20:47:13'),
('TA932','TR717','US005',32000,'0000-00-00','2020-10-23 20:47:13'),
('TA933','TR761','US005',24000,'0000-00-00','2020-10-23 20:47:13'),
('TA934','TR774','US005',58000,'0000-00-00','2020-10-23 20:47:14'),
('TA935','TR775','US005',16000,'0000-00-00','2020-10-23 20:47:14'),
('TA936','TR784','US005',22000,'0000-00-00','2020-10-23 20:47:14'),
('TA937','TR813','US005',32000,'0000-00-00','2020-10-23 20:47:14'),
('TA938','TR814','US005',13000,'0000-00-00','2020-10-23 20:47:14'),
('TA939','TR836','US005',8000,'0000-00-00','2020-10-23 20:47:14'),
('TA940','TR839','US005',14000,'0000-00-00','2020-10-23 20:47:15'),
('TA941','TR849','US005',16000,'0000-00-00','2020-10-23 20:47:15'),
('TA942','TR881','US005',22000,'0000-00-00','2020-10-23 20:47:15'),
('TA943','TR890','US005',12000,'0000-00-00','2020-10-23 20:47:15'),
('TA944','TR899','US005',22000,'0000-00-00','2020-10-23 20:47:15'),
('TA945','TR921','US005',40000,'0000-00-00','2020-10-23 20:47:15'),
('TA946','TR959','US005',22000,'0000-00-00','2020-10-23 20:47:16'),
('TA947','TR961','US005',24000,'0000-00-00','2020-10-23 20:47:16'),
('TA948','TR968','US005',34000,'0000-00-00','2020-10-23 20:47:17'),
('TA949','TR978','US005',10000,'0000-00-00','2020-10-23 20:47:17'),
('TA950','TR981','US005',14000,'0000-00-00','2020-10-23 20:47:17'),
('TA951','TR007','US005',28000,'0000-00-00','2020-10-23 20:47:17'),
('TA952','TR008','US005',34000,'0000-00-00','2020-10-23 20:47:17'),
('TA953','TR027','US005',14000,'0000-00-00','2020-10-23 20:47:17'),
('TA954','TR069','US005',28000,'0000-00-00','2020-10-23 20:47:18'),
('TA955','TR081','US005',20000,'0000-00-00','2020-10-23 20:47:18'),
('TA956','TR1027','US005',31000,'0000-00-00','2020-10-23 20:47:18'),
('TA957','TR1043','US005',28000,'0000-00-00','2020-10-23 20:47:18'),
('TA958','TR1079','US005',20000,'0000-00-00','2020-10-23 20:47:18'),
('TA959','TR173','US005',5000,'0000-00-00','2020-10-23 20:47:18'),
('TA960','TR209','US005',42000,'0000-00-00','2020-10-23 20:47:18'),
('TA961','TR216','US005',13000,'0000-00-00','2020-10-23 20:47:18'),
('TA962','TR225','US005',60000,'0000-00-00','2020-10-23 20:47:18'),
('TA963','TR243','US005',16000,'0000-00-00','2020-10-23 20:47:18'),
('TA964','TR250','US005',30000,'0000-00-00','2020-10-23 20:47:18'),
('TA965','TR269','US005',18000,'0000-00-00','2020-10-23 20:47:18'),
('TA966','TR283','US005',48000,'0000-00-00','2020-10-23 20:47:18'),
('TA967','TR287','US005',16000,'0000-00-00','2020-10-23 20:47:18'),
('TA968','TR326','US005',54000,'0000-00-00','2020-10-23 20:47:18'),
('TA969','TR378','US005',14000,'0000-00-00','2020-10-23 20:47:18'),
('TA970','TR387','US005',32000,'0000-00-00','2020-10-23 20:47:18'),
('TA971','TR417','US005',30000,'0000-00-00','2020-10-23 20:47:18'),
('TA972','TR423','US005',20000,'0000-00-00','2020-10-23 20:47:18'),
('TA973','TR432','US005',24000,'0000-00-00','2020-10-23 20:47:18'),
('TA974','TR451','US005',60000,'0000-00-00','2020-10-23 20:47:18'),
('TA975','TR454','US005',26000,'0000-00-00','2020-10-23 20:47:18'),
('TA976','TR461','US005',26000,'0000-00-00','2020-10-23 20:47:18'),
('TA977','TR507','US005',36000,'0000-00-00','2020-10-23 20:47:18'),
('TA978','TR510','US005',34000,'0000-00-00','2020-10-23 20:47:18'),
('TA979','TR520','US005',16000,'0000-00-00','2020-10-23 20:47:18'),
('TA980','TR549','US005',21000,'0000-00-00','2020-10-23 20:47:18'),
('TA981','TR608','US005',18000,'0000-00-00','2020-10-23 20:47:18'),
('TA982','TR621','US005',56000,'0000-00-00','2020-10-23 20:47:18'),
('TA983','TR623','US005',16000,'0000-00-00','2020-10-23 20:47:19'),
('TA984','TR688','US005',62000,'0000-00-00','2020-10-23 20:47:19'),
('TA985','TR750','US005',20000,'0000-00-00','2020-10-23 20:47:19'),
('TA986','TR754','US005',21000,'0000-00-00','2020-10-23 20:47:19'),
('TA987','TR777','US005',32000,'0000-00-00','2020-10-23 20:47:19'),
('TA988','TR780','US005',16000,'0000-00-00','2020-10-23 20:47:19'),
('TA989','TR804','US005',16000,'0000-00-00','2020-10-23 20:47:19'),
('TA990','TR819','US005',35000,'0000-00-00','2020-10-23 20:47:19'),
('TA991','TR823','US005',28000,'0000-00-00','2020-10-23 20:47:19'),
('TA992','TR855','US005',26000,'0000-00-00','2020-10-23 20:47:19'),
('TA993','TR889','US005',28000,'0000-00-00','2020-10-23 20:47:19'),
('TA994','TR900','US005',66000,'0000-00-00','2020-10-23 20:47:19'),
('TA995','TR901','US005',18000,'0000-00-00','2020-10-23 20:47:19'),
('TA996','TR919','US005',28000,'0000-00-00','2020-10-23 20:47:19'),
('TA997','TR927','US005',24000,'0000-00-00','2020-10-23 20:47:19'),
('TA998','TR941','US005',31000,'0000-00-00','2020-10-23 20:47:19'),
('TA999','TR960','US005',15000,'0000-00-00','2020-10-23 20:47:19');

/*Table structure for table `tb_user` */

DROP TABLE IF EXISTS `tb_user`;

CREATE TABLE `tb_user` (
  `kd_user` varchar(7) NOT NULL,
  `name` varchar(50) NOT NULL,
  `email` varchar(30) NOT NULL,
  `username` varchar(30) NOT NULL,
  `password` varchar(30) NOT NULL,
  `level` enum('Admin','Waiter','Kasir','Owner','Pelanggan','Koki') NOT NULL,
  PRIMARY KEY (`kd_user`)
) ENGINE=InnoDB DEFAULT CHARSET=latin1;

/*Data for the table `tb_user` */

insert  into `tb_user`(`kd_user`,`name`,`email`,`username`,`password`,`level`) values 
('US001','Fajar Subeki','fajarsub06@gmail.com','admin','YWRtaW4xMjM=','Admin'),
('US003','Dodi Mulyadi -ed','dodi@gmail.com','koki','YWRtaW4xMjM=','Koki'),
('US005','Dinda Aulia','dinda@gmail.com','kasir','YWRtaW4xMjM=','Kasir'),
('US007','Putay','putay@gmail.com','waiter','YWRtaW4xMjM=','Waiter'),
('US011','Danu Wijaya','danu@gmail.com','owner','YWRtaW4xMjM=','Owner'),
('US024','admin2','a@a.com','admin2','YWRtaW4xMjM=','Admin'),
('US025','asd asd','asd@a.com','asdasd','YXNk','Admin'),
('US026','edu','a@a.com','dddddd','ZGRkZA==','Admin');

/* Function  structure for function  `generate_fname` */

/*!50003 DROP FUNCTION IF EXISTS `generate_fname` */;
DELIMITER $$

/*!50003 CREATE DEFINER=`root`@`localhost` FUNCTION `generate_fname`() RETURNS varchar(255) CHARSET latin1
BEGIN
	RETURN ELT(FLOOR(1 + (RAND() * (50-1))), "Deni","Desi","Dito","Femi","Hafid","Rizki","Utami","Aulia","Tika","Hadi","Bayu","Annisa","Retno","Fajar","Wulandari","Nurul","Rini","Ilham","Kusuma","Rizki","Dinda","Andre","Ari","Maria","Wahyu","Mila","Lia","Kartika","Indra","Eko","Kurniawan","Sari","Ajie","Sri","Tyas","Dian","Lestari","Maya","Ika","Arya","Yudi","Andy","Anthony","Siti","Rio","Sarah","Reza","Andi","Fitri","Nur","Ade","Agus","Tri","Indah","Dian","Putra","Muhammad","Dwi","Jeffrey","Melissa","Eric","Anna","Stephen","Andrew");
END */$$
DELIMITER ;

/* Function  structure for function  `generate_lname` */

/*!50003 DROP FUNCTION IF EXISTS `generate_lname` */;
DELIMITER $$

/*!50003 CREATE DEFINER=`root`@`localhost` FUNCTION `generate_lname`() RETURNS varchar(255) CHARSET latin1
BEGIN
	RETURN ELT(FLOOR(1 + (RAND() * (58-1))), "Bagaskoro","Bakti","Dewangga","Dharma","Danastri","Danurdara","Diajeng","Endaru","Endang","Elok","Erina","Estiana","Gadhing","Ganendra","Gardara","Martin","Gentala","Galih","Ganesh","Gibran","Guinandra","Gumelar","Gunawan","Guntur","Guritno","Gusti","Gahyaka","Gantari","Ihsan","Ismoyono","Indira","Intan","Isthika","Jamal","Janu","Jatmika","Jaya","Jenaka","Jenggala","Jumanta","Jumantara","Kamajaya","Karunia","Kawindra","Kresna","Garini","Gayatri","Gemani","Gemintang","Gempita","Ginanita","Hakim","Halim","Hamdan","Hanafi","Handaru","Hapsari","Hardana","Haribawa");
END */$$
DELIMITER ;

/* Procedure structure for procedure `insertOrderDetail` */

/*!50003 DROP PROCEDURE IF EXISTS  `insertOrderDetail` */;

DELIMITER $$

/*!50003 CREATE DEFINER=`root`@`localhost` PROCEDURE `insertOrderDetail`()
BEGIN
DECLARE n INT DEFAULT 0;
DECLARE i INT DEFAULT 0;
DECLARE LIMITVAR INT DEFAULT 0;
DECLARE JUMLAH INT DEFAULT 0;
DECLARE IDORDER varchar(30);
declare KDDETAIL varchar(30);
SELECT COUNT(kd_order) FROM tb_order INTO n;

SET i=0;
WHILE i<n DO 

  SELECT (kd_order) FROM tb_order LIMIT i,1 into IDORDER;
  
case  when i % 2 <> 0 then  set LIMITVAR = 1; ELSE set LIMITVAR = 2; end case;

set JUMLAH =(FLOOR( 1 + RAND( ) *2 ));

set KDDETAIL = 'DM';

INSERT INTO tb_detail_order
		(
		`kd_detail`,
		order_kd,
		menu_kd,
		total,
		sub_total
		) 
	SELECT 
		concat(KDDETAIL,i,FLOOR((RAND() * 10) + 1)),IDORDER, t1.`kd_menu`,JUMLAH,(JUMLAH*harga) 
		FROM tb_menu AS t1 
		JOIN (SELECT kd_menu FROM tb_menu ORDER BY RAND() limit LIMITVAR ) AS t2 ON t1.kd_menu=t2.kd_menu
	ON DUPLICATE KEY UPDATE `kd_detail`=concat(kd_detail,FLOOR((RAND() * 10) + 1));
  
  SET i = i + 1;
END WHILE;
End */$$
DELIMITER ;

/* Procedure structure for procedure `insertTransaksi` */

/*!50003 DROP PROCEDURE IF EXISTS  `insertTransaksi` */;

DELIMITER $$

/*!50003 CREATE DEFINER=`root`@`localhost` PROCEDURE `insertTransaksi`()
BEGIN
DECLARE n INT DEFAULT 0;
DECLARE i INT DEFAULT 0;
DECLARE LIMITVAR INT DEFAULT 0;
DECLARE JUMLAH INT DEFAULT 0;
DECLARE IDORDER VARCHAR(30);
DECLARE KD VARCHAR(30);
declare TOTALHARGA int default 0;
DECLARE IVAR VARCHAR(10);
SELECT COUNT(kd_order) FROM tb_order INTO n;

SET i=0;
WHILE i<n DO 

    CASE  
	WHEN i < 10 
		THEN  SET IVAR = CONCAT('00',i);
	WHEN i < 100 
		THEN  SET IVAR = CONCAT('0',i); 
	ELSE SET IVAR = i; 
    END CASE;    
    
    SET KD = CONCAT('TA', IVAR);

  SELECT (kd_order) FROM tb_order LIMIT i,1 INTO IDORDER;
  
  select sum(sub_total) as total from tb_detail_order where order_kd = IDORDER INTO TOTALHARGA;
  

INSERT INTO tb_transaksi
		(
		kd_transaksi,
		order_kd,
		user_kd,
		total_harga
		) 
	values 
		(KD,IDORDER, 'US005',TOTALHARGA);
  
  SET i = i + 1;
END WHILE;
END */$$
DELIMITER ;

/* Procedure structure for procedure `makePelanggan` */

/*!50003 DROP PROCEDURE IF EXISTS  `makePelanggan` */;

DELIMITER $$

/*!50003 CREATE DEFINER=`root`@`localhost` PROCEDURE `makePelanggan`(iteration int)
BEGIN
  DECLARE n INT DEFAULT 0;DECLARE i INT DEFAULT 0;declare kode varchar (7);declare fname varchar (20);declare lname varchar (20);declare username varchar (30);declare email varchar (50);
  DECLARE IVAR VARCHAR(10);
  set n = iteration;
  SET i = 0;
  WHILE
    i < n DO SET i = i + 1;
    
    set fname = generate_fname ();set lname = generate_lname ();set email = concat(fname, '_', lname, i, '@gmail.com');set username = concat(fname, i);
    
    case  
	when i < 10 
		then  set IVAR = CONCAT('00',i);
	WHEN i < 100 
		THEN  SET IVAR = CONCAT('0',i); 
	ELSE set IVAR = i; 
    end case;    
    
    SET kode = CONCAT('CU', IVAR);
    	
    INSERT INTO tb_pelanggan (
      kd_pelanggan,
      name_pelanggan,
      username,
      password,
      email,
      aktif
    )
    values
      (
        kode,
        CONCAT(fname, ' ', lname),
        username,
        'YXNk',
        email,
        '1'
      );
  END WHILE;
End */$$
DELIMITER ;

/* Procedure structure for procedure `make_order` */

/*!50003 DROP PROCEDURE IF EXISTS  `make_order` */;

DELIMITER $$

/*!50003 CREATE DEFINER=`root`@`localhost` PROCEDURE `make_order`()
BEGIN
  declare yearcounts int default 20;
  DECLARE monthcounts INT DEFAULT 1;
  DECLARE daycounts INT DEFAULT 1;
  DECLARE orderbydaycounts INT DEFAULT 1;
  declare kdcount int default 1;
  
  -- 
  declare kode varchar(7);
  declare IVAR varchar(7);
  DECLARE kd_p VARCHAR (7);
  declare rand_kd_p int;
  declare n_user varchar(50);

  WHILE
    monthcounts < 10 DO SET daycounts = 1;
    WHILE
      daycounts < 31 DO SET orderbydaycounts = 1;
      WHILE
        orderbydaycounts < 5 DO
	
	set kdcount = kdcount+1;
        
        set rand_kd_p = FLOOR((RAND() * 500) + 1);
        set kd_p = concat('CU',rand_kd_p);
        SELECT (name_pelanggan) FROM tb_pelanggan where kd_pelanggan = kd_p into n_user;
        
        CASE  
	WHEN kdcount < 10 
		THEN  SET IVAR = CONCAT('00',kdcount);
	WHEN kdcount < 100 
		THEN  SET IVAR = CONCAT('0',kdcount); 
	ELSE SET IVAR = kdcount; 
	END CASE;    
    
	SET kode = CONCAT('TR', IVAR);
        
        INSERT INTO `tb_order` (
          kd_order,
          no_meja,
          waktu,
          nama_user,
          status_order,
          tanggal,
          kd_pelanggan
        )
        VALUES
          (
            kode,
            FLOOR((RAND() * 20) + 1),
            concat('20',yearcounts,'-',monthcounts,'-',daycounts),
            n_user,
            'selesai_pembayaran',
            CONCAT('20',yearcounts,'-',monthcounts,'-',daycounts),
            kd_p
          );
        SET orderbydaycounts = orderbydaycounts + 1;
      END WHILE;
      SET daycounts = daycounts + 1;
    END WHILE;
    SET monthcounts = monthcounts + 1;
  END WHILE;
END */$$
DELIMITER ;

/*!40101 SET SQL_MODE=@OLD_SQL_MODE */;
/*!40014 SET FOREIGN_KEY_CHECKS=@OLD_FOREIGN_KEY_CHECKS */;
/*!40014 SET UNIQUE_CHECKS=@OLD_UNIQUE_CHECKS */;
/*!40111 SET SQL_NOTES=@OLD_SQL_NOTES */;
